"Data Source","World Development Indicators",

"Last Updated Date","2026-07-13",

"Country Name","Country Code","Indicator Name","Indicator Code","1960","1961","1962","1963","1964","1965","1966","1967","1968","1969","1970","1971","1972","1973","1974","1975","1976","1977","1978","1979","1980","1981","1982","1983","1984","1985","1986","1987","1988","1989","1990","1991","1992","1993","1994","1995","1996","1997","1998","1999","2000","2001","2002","2003","2004","2005","2006","2007","2008","2009","2010","2011","2012","2013","2014","2015","2016","2017","2018","2019","2020","2021","2022","2023","2024","2025",
"Aruba","ABW","Political Stability - Governance score (0-100)","GOV_WGI_PV_SC","","","","","","","","","","","","","","","","","","","","","","","","","","","","","","","","","","","","","","","","","","","","","76.6423908","89.1503055","89.2011455","89.2851015","89.2747621","88.5578609","87.3500329","87.2658497","88.3722215","88.3450703","86.5724939","86.551668","86.49981","86.5061643","88.683848","88.6972605","88.6898932","88.6609843","88.710743","88.7188328","88.6165004","",
"Aruba","ABW","Political Stability - Governance score (0-100)","GOV_WGI_PV_SC","","","","","","","","","","","","","","","","","","","","","","","","","","","","","","","","","","","","","","","","","","","","","76.6423908","89.1503055","89.2011455","89.2851015","89.2747621","88.5578609","87.3500329","87.2658497","88.3722215","88.3450703","86.5724939","86.551668","86.49981","86.5061643","88.683848","88.6972605","88.6898932","88.6609843","88.710743","88.7188328","88.6165004","",
"Africa Eastern and Southern","AFE","Political Stability - Governance score (0-100)","GOV_WGI_PV_SC","","","","","","","","","","","","","","","","","","","","","","","","","","","","","","","","","","","","","","","","","","","","","","","","","","","","","","","","","","","","","","","","","","",
"Africa Eastern and Southern","AFE","Political Stability - Governance score (0-100)","GOV_WGI_PV_SC","","","","","","","","","","","","","","","","","","","","","","","","","","","","","","","","","","","","","","","","","","","","","","","","","","","","","","","","","","","","","","","","","","",
"Afghanistan","AFG","Political Stability - Governance score (0-100)","GOV_WGI_PV_SC","","","","","","","","","","","","","","","","","","","","","","","","","","","","","","","","","","","","","17.7644852","","17.2307808","","17.2032846","","24.3251111","25.1139855","28.4642015","29.4429584","29.2228603","25.5733798","22.5910622","24.0575312","22.6613034","22.3148664","23.1217311","19.7786501","26.2877904","23.5106211","23.4723617","21.2442702","21.7827865","21.6637858","21.6583487","24.0335589","24.0573058","25.0303745","28.2258568","",
"Afghanistan","AFG","Political Stability - Governance score (0-100)","GOV_WGI_PV_SC","","","","","","","","","","","","","","","","","","","","","","","","","","","","","","","","","","","","","17.7644852","","17.2307808","","17.2032846","","24.3251111","25.1139855","28.4642015","29.4429584","29.2228603","25.5733798","22.5910622","24.0575312","22.6613034","22.3148664","23.1217311","19.7786501","26.2877904","23.5106211","23.4723617","21.2442702","21.7827865","21.6637858","21.6583487","24.0335589","24.0573058","25.0303745","28.2258568","",
"Africa Western and Central","AFW","Political Stability - Governance score (0-100)","GOV_WGI_PV_SC","","","","","","","","","","","","","","","","","","","","","","","","","","","","","","","","","","","","","","","","","","","","","","","","","","","","","","","","","","","","","","","","","","",
"Africa Western and Central","AFW","Political Stability - Governance score (0-100)","GOV_WGI_PV_SC","","","","","","","","","","","","","","","","","","","","","","","","","","","","","","","","","","","","","","","","","","","","","","","","","","","","","","","","","","","","","","","","","","",
"Angola","AGO","Political Stability - Governance score (0-100)","GOV_WGI_PV_SC","","","","","","","","","","","","","","","","","","","","","","","","","","","","","","","","","","","","","23.5257349","","21.2492973","","24.1204769","","34.8777514","44.5305672","46.0945227","49.295015","54.4255762","53.1332233","57.8430134","56.8953125","61.247033","57.4447644","58.3535602","55.4732915","57.1993992","56.3440261","58.4702515","56.7179099","58.96248","58.7080974","54.9149657","52.3383191","56.6462987","60.5450271","56.0964488","",
"Angola","AGO","Political Stability - Governance score (0-100)","GOV_WGI_PV_SC","","","","","","","","","","","","","","","","","","","","","","","","","","","","","","","","","","","","","23.5257349","","21.2492973","","24.1204769","","34.8777514","44.5305672","46.0945227","49.295015","54.4255762","53.1332233","57.8430134","56.8953125","61.247033","57.4447644","58.3535602","55.4732915","57.1993992","56.3440261","58.4702515","56.7179099","58.96248","58.7080974","54.9149657","52.3383191","56.6462987","60.5450271","56.0964488","",
"Albania","ALB","Political Stability - Governance score (0-100)","GOV_WGI_PV_SC","","","","","","","","","","","","","","","","","","","","","","","","","","","","","","","","","","","","","53.5520676","","49.739082","","44.6039293","","54.7135105","58.453819","55.5004905","55.4743215","56.5138104","62.6735004","65.4214943","65.4291264","62.947713","59.9492277","59.5782307","62.5947269","70.3506685","68.0342241","68.7294282","68.6928685","68.4601043","65.9691253","65.8092347","66.3035591","66.0915577","66.3155692","66.243999","",
"Albania","ALB","Political Stability - Governance score (0-100)","GOV_WGI_PV_SC","","","","","","","","","","","","","","","","","","","","","","","","","","","","","","","","","","","","","53.5520676","","49.739082","","44.6039293","","54.7135105","58.453819","55.5004905","55.4743215","56.5138104","62.6735004","65.4214943","65.4291264","62.947713","59.9492277","59.5782307","62.5947269","70.3506685","68.0342241","68.7294282","68.6928685","68.4601043","65.9691253","65.8092347","66.3035591","66.0915577","66.3155692","66.243999","",
"Andorra","AND","Political Stability - Governance score (0-100)","GOV_WGI_PV_SC","","","","","","","","","","","","","","","","","","","","","","","","","","","","","","","","","","","","","","","","","","","","","","","","","","","","","","","","","","","","","","","","","","",
"Andorra","AND","Political Stability - Governance score (0-100)","GOV_WGI_PV_SC","","","","","","","","","","","","","","","","","","","","","","","","","","","","","","","","","","","","","","","","","","","","","","","","","","","","","","","","","","","","","","","","","","",
"Arab World","ARB","Political Stability - Governance score (0-100)","GOV_WGI_PV_SC","","","","","","","","","","","","","","","","","","","","","","","","","","","","","","","","","","","","","","","","","","","","","","","","","","","","","","","","","","","","","","","","","","",
"Arab World","ARB","Political Stability - Governance score (0-100)","GOV_WGI_PV_SC","","","","","","","","","","","","","","","","","","","","","","","","","","","","","","","","","","","","","","","","","","","","","","","","","","","","","","","","","","","","","","","","","","",
"United Arab Emirates","ARE","Political Stability - Governance score (0-100)","GOV_WGI_PV_SC","","","","","","","","","","","","","","","","","","","","","","","","","","","","","","","","","","","","","83.8909764","","82.4823696","","82.8419629","","84.2992147","82.1422151","75.7775322","79.5351991","81.4343553","83.3153897","78.3324221","84.4368651","79.7902171","79.8047638","79.6105819","79.1135654","81.2419499","80.2130602","77.7250567","78.1809681","80.134659","80.0644793","80.0198861","80.2357804","80.981136","79.2684716","79.3661459","",
"United Arab Emirates","ARE","Political Stability - Governance score (0-100)","GOV_WGI_PV_SC","","","","","","","","","","","","","","","","","","","","","","","","","","","","","","","","","","","","","83.8909764","","82.4823696","","82.8419629","","84.2992147","82.1422151","75.7775322","79.5351991","81.4343553","83.3153897","78.3324221","84.4368651","79.7902171","79.8047638","79.6105819","79.1135654","81.2419499","80.2130602","77.7250567","78.1809681","80.134659","80.0644793","80.0198861","80.2357804","80.981136","79.2684716","79.3661459","",
"Argentina","ARG","Political Stability - Governance score (0-100)","GOV_WGI_PV_SC","","","","","","","","","","","","","","","","","","","","","","","","","","","","","","","","","","","","","66.3960884","","63.6638882","","64.9216269","","54.6425142","61.6145658","60.2836786","67.3157037","67.2858656","69.3808931","66.0866672","62.7380535","64.2279773","67.9502203","67.2692554","66.4491046","65.6687607","65.3668058","69.1957678","69.9838411","67.9516636","66.8707383","66.8381534","67.4693134","66.8790416","65.539658","62.9948599","",
"Argentina","ARG","Political Stability - Governance score (0-100)","GOV_WGI_PV_SC","","","","","","","","","","","","","","","","","","","","","","","","","","","","","","","","","","","","","66.3960884","","63.6638882","","64.9216269","","54.6425142","61.6145658","60.2836786","67.3157037","67.2858656","69.3808931","66.0866672","62.7380535","64.2279773","67.9502203","67.2692554","66.4491046","65.6687607","65.3668058","69.1957678","69.9838411","67.9516636","66.8707383","66.8381534","67.4693134","66.8790416","65.539658","62.9948599","",
"Armenia","ARM","Political Stability - Governance score (0-100)","GOV_WGI_PV_SC","","","","","","","","","","","","","","","","","","","","","","","","","","","","","","","","","","","","","45.4533819","","50.679255","","51.7676826","","61.2990584","66.8831156","62.1107402","63.9139423","62.742575","68.9086074","63.4800457","68.4554069","66.1868696","63.4595307","66.8552572","65.4130594","61.8660138","63.5155345","59.239383","60.7427842","65.8279441","67.0622606","60.8795173","57.3211381","59.8197748","57.3152603","53.5393178","",
"Armenia","ARM","Political Stability - Governance score (0-100)","GOV_WGI_PV_SC","","","","","","","","","","","","","","","","","","","","","","","","","","","","","","","","","","","","","45.4533819","","50.679255","","51.7676826","","61.2990584","66.8831156","62.1107402","63.9139423","62.742575","68.9086074","63.4800457","68.4554069","66.1868696","63.4595307","66.8552572","65.4130594","61.8660138","63.5155345","59.239383","60.7427842","65.8279441","67.0622606","60.8795173","57.3211381","59.8197748","57.3152603","53.5393178","",
"American Samoa","ASM","Political Stability - Governance score (0-100)","GOV_WGI_PV_SC","","","","","","","","","","","","","","","","","","","","","","","","","","","","","","","","","","","","","","","","","","","","","72.8904941","78.0433194","78.1199851","82.8895608","82.873967","83.0575788","82.8784714","82.7155864","82.698392","82.6458541","87.4702977","87.4300005","87.3296631","87.3419568","87.4284341","87.1971851","87.1872948","87.148494","87.2152796","87.2261384","87.2981254","",
"American Samoa","ASM","Political Stability - Governance score (0-100)","GOV_WGI_PV_SC","","","","","","","","","","","","","","","","","","","","","","","","","","","","","","","","","","","","","","","","","","","","","72.8904941","78.0433194","78.1199851","82.8895608","82.873967","83.0575788","82.8784714","82.7155864","82.698392","82.6458541","87.4702977","87.4300005","87.3296631","87.3419568","87.4284341","87.1971851","87.1872948","87.148494","87.2152796","87.2261384","87.2981254","",
"Antigua and Barbuda","ATG","Political Stability - Governance score (0-100)","GOV_WGI_PV_SC","","","","","","","","","","","","","","","","","","","","","","","","","","","","","","","","","","","","","77.9640044","","77.9794394","","77.9438311","","77.9810314","78.3223166","82.3920916","79.1970551","79.2395746","79.3097954","79.301147","79.4029824","81.8787451","81.7884039","81.7788673","81.7497295","81.9376032","81.5439286","78.5409713","76.3931377","79.3888593","81.5566579","81.5492154","81.5200195","84.320676","84.3288462","84.2254939","",
"Antigua and Barbuda","ATG","Political Stability - Governance score (0-100)","GOV_WGI_PV_SC","","","","","","","","","","","","","","","","","","","","","","","","","","","","","","","","","","","","","77.9640044","","77.9794394","","77.9438311","","77.9810314","78.3223166","82.3920916","79.1970551","79.2395746","79.3097954","79.301147","79.4029824","81.8787451","81.7884039","81.7788673","81.7497295","81.9376032","81.5439286","78.5409713","76.3931377","79.3888593","81.5566579","81.5492154","81.5200195","84.320676","84.3288462","84.2254939","",
"Australia","AUS","Political Stability - Governance score (0-100)","GOV_WGI_PV_SC","","","","","","","","","","","","","","","","","","","","","","","","","","","","","","","","","","","","","91.5811232","","88.644012","","90.2977415","","84.6075923","81.8304827","81.3798633","82.6647874","83.1800573","84.5486864","84.8222414","82.8749065","83.023981","82.2069134","82.7642194","82.2301614","83.3110083","79.6151444","82.1915809","79.2718127","80.9961371","80.3354191","81.0276612","80.4761134","81.294059","81.7023297","79.4447025","",
"Australia","AUS","Political Stability - Governance score (0-100)","GOV_WGI_PV_SC","","","","","","","","","","","","","","","","","","","","","","","","","","","","","","","","","","","","","91.5811232","","88.644012","","90.2977415","","84.6075923","81.8304827","81.3798633","82.6647874","83.1800573","84.5486864","84.8222414","82.8749065","83.023981","82.2069134","82.7642194","82.2301614","83.3110083","79.6151444","82.1915809","79.2718127","80.9961371","80.3354191","81.0276612","80.4761134","81.294059","81.7023297","79.4447025","",
"Austria","AUT","Political Stability - Governance score (0-100)","GOV_WGI_PV_SC","","","","","","","","","","","","","","","","","","","","","","","","","","","","","","","","","","","","","90.1327589","","87.3768015","","84.218019","","87.2940736","83.2144596","82.2026191","84.1336035","84.0574947","88.4078947","89.0714551","87.9338889","87.4201427","86.7468885","88.1333917","87.880924","88.7461087","85.3497468","81.1856062","81.7238355","80.3126544","79.3514625","79.8779243","78.7803204","76.1521762","77.8795359","74.2916722","",
"Austria","AUT","Political Stability - Governance score (0-100)","GOV_WGI_PV_SC","","","","","","","","","","","","","","","","","","","","","","","","","","","","","","","","","","","","","90.1327589","","87.3768015","","84.218019","","87.2940736","83.2144596","82.2026191","84.1336035","84.0574947","88.4078947","89.0714551","87.9338889","87.4201427","86.7468885","88.1333917","87.880924","88.7461087","85.3497468","81.1856062","81.7238355","80.3126544","79.3514625","79.8779243","78.7803204","76.1521762","77.8795359","74.2916722","",
"Azerbaijan","AZE","Political Stability - Governance score (0-100)","GOV_WGI_PV_SC","","","","","","","","","","","","","","","","","","","","","","","","","","","","","","","","","","","","","48.3322465","","50.0259452","","49.772415","","50.4673082","49.0056544","46.680331","46.2558618","49.0412542","55.8692259","61.0964006","59.8896812","60.5222095","54.6702496","54.2130281","57.63093","58.4884263","57.4529943","57.2793462","58.1114132","59.8006383","60.1325696","57.2037516","57.5444168","56.6353442","59.0546762","63.4960375","",
"Azerbaijan","AZE","Political Stability - Governance score (0-100)","GOV_WGI_PV_SC","","","","","","","","","","","","","","","","","","","","","","","","","","","","","","","","","","","","","48.3322465","","50.0259452","","49.772415","","50.4673082","49.0056544","46.680331","46.2558618","49.0412542","55.8692259","61.0964006","59.8896812","60.5222095","54.6702496","54.2130281","57.63093","58.4884263","57.4529943","57.2793462","58.1114132","59.8006383","60.1325696","57.2037516","57.5444168","56.6353442","59.0546762","63.4960375","",
"Burundi","BDI","Political Stability - Governance score (0-100)","GOV_WGI_PV_SC","","","","","","","","","","","","","","","","","","","","","","","","","","","","","","","","","","","","","22.9866362","","20.8160618","","23.0741725","","23.9134292","24.882535","24.698766","40.274432","44.1898012","46.3703939","41.2085068","47.8349259","37.0694711","34.4098574","33.3042337","37.2704925","47.7581237","31.1085528","29.9083295","30.1866725","38.1593506","37.380141","40.3528211","42.3498686","44.0146516","43.9613519","42.3840199","",
"Burundi","BDI","Political Stability - Governance score (0-100)","GOV_WGI_PV_SC","","","","","","","","","","","","","","","","","","","","","","","","","","","","","","","","","","","","","22.9866362","","20.8160618","","23.0741725","","23.9134292","24.882535","24.698766","40.274432","44.1898012","46.3703939","41.2085068","47.8349259","37.0694711","34.4098574","33.3042337","37.2704925","47.7581237","31.1085528","29.9083295","30.1866725","38.1593506","37.380141","40.3528211","42.3498686","44.0146516","43.9613519","42.3840199","",
"Belgium","BEL","Political Stability - Governance score (0-100)","GOV_WGI_PV_SC","","","","","","","","","","","","","","","","","","","","","","","","","","","","","","","","","","","","","87.5013947","","84.9520239","","85.9204533","","85.2632165","80.7966086","77.4790373","79.8508534","80.0320806","80.4768547","78.0489444","82.3636883","81.5488123","81.7843778","82.0362545","82.1028899","79.330541","77.1370022","74.2033432","72.1250812","73.1489848","72.3410456","72.1913766","73.7846749","70.1054587","69.3006796","67.9689981","",
"Belgium","BEL","Political Stability - Governance score (0-100)","GOV_WGI_PV_SC","","","","","","","","","","","","","","","","","","","","","","","","","","","","","","","","","","","","","87.5013947","","84.9520239","","85.9204533","","85.2632165","80.7966086","77.4790373","79.8508534","80.0320806","80.4768547","78.0489444","82.3636883","81.5488123","81.7843778","82.0362545","82.1028899","79.330541","77.1370022","74.2033432","72.1250812","73.1489848","72.3410456","72.1913766","73.7846749","70.1054587","69.3006796","67.9689981","",
"Benin","BEN","Political Stability - Governance score (0-100)","GOV_WGI_PV_SC","","","","","","","","","","","","","","","","","","","","","","","","","","","","","","","","","","","","","79.4210103","","76.5311793","","76.4260506","","76.469197","75.7567883","68.9150967","73.8286788","76.2473651","73.674572","74.0431878","73.0691693","71.2410896","71.7785024","71.9143063","71.5550204","68.2365557","67.9015838","70.0281952","71.2851516","68.7128078","62.5126327","61.0570087","58.8795864","58.4245958","60.6055079","59.0103392","",
"Benin","BEN","Political Stability - Governance score (0-100)","GOV_WGI_PV_SC","","","","","","","","","","","","","","","","","","","","","","","","","","","","","","","","","","","","","79.4210103","","76.5311793","","76.4260506","","76.469197","75.7567883","68.9150967","73.8286788","76.2473651","73.674572","74.0431878","73.0691693","71.2410896","71.7785024","71.9143063","71.5550204","68.2365557","67.9015838","70.0281952","71.2851516","68.7128078","62.5126327","61.0570087","58.8795864","58.4245958","60.6055079","59.0103392","",
"Burkina Faso","BFA","Political Stability - Governance score (0-100)","GOV_WGI_PV_SC","","","","","","","","","","","","","","","","","","","","","","","","","","","","","","","","","","","","","63.4843981","","65.0200664","","67.4790499","","62.2490824","66.9607668","63.3329407","66.6235197","67.7704347","72.0040291","68.5778478","65.8329422","60.5198266","54.2154366","54.8280938","52.3153016","53.9401871","54.2871828","50.3947575","51.2782554","49.4637727","45.469811","41.7072486","38.9026684","34.7884454","31.0083522","33.3312021","",
"Burkina Faso","BFA","Political Stability - Governance score (0-100)","GOV_WGI_PV_SC","","","","","","","","","","","","","","","","","","","","","","","","","","","","","","","","","","","","","63.4843981","","65.0200664","","67.4790499","","62.2490824","66.9607668","63.3329407","66.6235197","67.7704347","72.0040291","68.5778478","65.8329422","60.5198266","54.2154366","54.8280938","52.3153016","53.9401871","54.2871828","50.3947575","51.2782554","49.4637727","45.469811","41.7072486","38.9026684","34.7884454","31.0083522","33.3312021","",
"Bangladesh","BGD","Political Stability - Governance score (0-100)","GOV_WGI_PV_SC","","","","","","","","","","","","","","","","","","","","","","","","","","","","","","","","","","","","","53.3908719","","54.6262406","","52.0145168","","44.6286925","44.8447798","43.1999208","35.2991033","37.4647957","39.1176899","40.6774757","40.0921132","41.2324706","41.0501211","40.8009467","35.6292308","47.94144","43.1479364","42.9773902","43.1937902","48.3828183","48.8682227","48.5534122","47.8980425","47.1824874","48.1988033","40.9048506","",
"Bangladesh","BGD","Political Stability - Governance score (0-100)","GOV_WGI_PV_SC","","","","","","","","","","","","","","","","","","","","","","","","","","","","","","","","","","","","","53.3908719","","54.6262406","","52.0145168","","44.6286925","44.8447798","43.1999208","35.2991033","37.4647957","39.1176899","40.6774757","40.0921132","41.2324706","41.0501211","40.8009467","35.6292308","47.94144","43.1479364","42.9773902","43.1937902","48.3828183","48.8682227","48.5534122","47.8980425","47.1824874","48.1988033","40.9048506","",
"Bulgaria","BGR","Political Stability - Governance score (0-100)","GOV_WGI_PV_SC","","","","","","","","","","","","","","","","","","","","","","","","","","","","","","","","","","","","","64.001453","","74.7246702","","73.2340119","","72.8153453","69.2294032","66.783822","71.1109125","71.3715435","72.001074","72.8453645","72.4408107","72.2769025","71.1650355","72.5755043","68.8062834","70.0293534","69.0099166","69.4354757","72.8319025","76.0222279","75.7815088","73.0865465","72.8363232","71.4796205","71.2660202","66.5764069","",
"Bulgaria","BGR","Political Stability - Governance score (0-100)","GOV_WGI_PV_SC","","","","","","","","","","","","","","","","","","","","","","","","","","","","","","","","","","","","","64.001453","","74.7246702","","73.2340119","","72.8153453","69.2294032","66.783822","71.1109125","71.3715435","72.001074","72.8453645","72.4408107","72.2769025","71.1650355","72.5755043","68.8062834","70.0293534","69.0099166","69.4354757","72.8319025","76.0222279","75.7815088","73.0865465","72.8363232","71.4796205","71.2660202","66.5764069","",
"Bahrain","BHR","Political Stability - Governance score (0-100)","GOV_WGI_PV_SC","","","","","","","","","","","","","","","","","","","","","","","","","","","","","","","","","","","","","60.9200024","","64.096396","","68.023227","","74.0897249","71.7433502","68.471918","65.0129793","61.190317","62.8149992","62.209313","62.4608345","53.3027001","45.7803528","48.2073407","43.8240398","48.0587666","49.5227401","50.3534303","48.6996051","51.0725144","55.5880047","55.7056542","57.2832784","57.6516738","57.3408912","61.18214","",
"Bahrain","BHR","Political Stability - Governance score (0-100)","GOV_WGI_PV_SC","","","","","","","","","","","","","","","","","","","","","","","","","","","","","","","","","","","","","60.9200024","","64.096396","","68.023227","","74.0897249","71.7433502","68.471918","65.0129793","61.190317","62.8149992","62.209313","62.4608345","53.3027001","45.7803528","48.2073407","43.8240398","48.0587666","49.5227401","50.3534303","48.6996051","51.0725144","55.5880047","55.7056542","57.2832784","57.6516738","57.3408912","61.18214","",
"Bahamas, The","BHS","Political Stability - Governance score (0-100)","GOV_WGI_PV_SC","","","","","","","","","","","","","","","","","","","","","","","","","","","","","","","","","","","","","83.2823744","","83.2930999","","83.8862072","","79.9840403","78.6316576","77.6911378","80.5665707","79.1543699","77.5803124","77.935198","80.2988593","81.5678651","82.5956018","82.9628972","82.7534956","79.9482492","78.5985876","79.516042","79.8785392","78.0748811","77.7277659","78.0795854","78.5934221","80.5722982","83.8979013","83.8182788","",
"Bahamas, The","BHS","Political Stability - Governance score (0-100)","GOV_WGI_PV_SC","","","","","","","","","","","","","","","","","","","","","","","","","","","","","","","","","","","","","83.2823744","","83.2930999","","83.8862072","","79.9840403","78.6316576","77.6911378","80.5665707","79.1543699","77.5803124","77.935198","80.2988593","81.5678651","82.5956018","82.9628972","82.7534956","79.9482492","78.5985876","79.516042","79.8785392","78.0748811","77.7277659","78.0795854","78.5934221","80.5722982","83.8979013","83.8182788","",
"Bosnia and Herzegovina","BIH","Political Stability - Governance score (0-100)","GOV_WGI_PV_SC","","","","","","","","","","","","","","","","","","","","","","","","","","","","","","","","","","","","","52.9853923","","52.9475378","","52.955959","","60.1374037","57.6321188","61.0816575","55.7118361","59.2929885","57.6957734","58.4758337","55.8255944","55.068748","54.4509441","55.8057131","58.1485349","64.8606336","61.5368736","59.5572972","60.5803364","60.9490035","60.6128666","61.298956","60.5871127","61.657193","62.4793902","57.3354627","",
"Bosnia and Herzegovina","BIH","Political Stability - Governance score (0-100)","GOV_WGI_PV_SC","","","","","","","","","","","","","","","","","","","","","","","","","","","","","","","","","","","","","52.9853923","","52.9475378","","52.955959","","60.1374037","57.6321188","61.0816575","55.7118361","59.2929885","57.6957734","58.4758337","55.8255944","55.068748","54.4509441","55.8057131","58.1485349","64.8606336","61.5368736","59.5572972","60.5803364","60.9490035","60.6128666","61.298956","60.5871127","61.657193","62.4793902","57.3354627","",
"Belarus","BLR","Political Stability - Governance score (0-100)","GOV_WGI_PV_SC","","","","","","","","","","","","","","","","","","","","","","","","","","","","","","","","","","","","","67.5818795","","69.6151758","","70.401312","","71.6950759","78.2534316","66.1808363","71.672412","68.9513011","71.421362","73.4739606","71.9312649","64.437893","64.4963036","65.9563004","66.1967581","68.2003666","67.8851086","69.3580687","66.3479286","70.4663947","73.1679864","51.9165453","55.3657663","55.357111","59.1880459","59.4495003","",
"Belarus","BLR","Political Stability - Governance score (0-100)","GOV_WGI_PV_SC","","","","","","","","","","","","","","","","","","","","","","","","","","","","","","","","","","","","","67.5818795","","69.6151758","","70.401312","","71.6950759","78.2534316","66.1808363","71.672412","68.9513011","71.421362","73.4739606","71.9312649","64.437893","64.4963036","65.9563004","66.1967581","68.2003666","67.8851086","69.3580687","66.3479286","70.4663947","73.1679864","51.9165453","55.3657663","55.357111","59.1880459","59.4495003","",
"Belize","BLZ","Political Stability - Governance score (0-100)","GOV_WGI_PV_SC","","","","","","","","","","","","","","","","","","","","","","","","","","","","","","","","","","","","","71.9343959","","71.9463138","","67.5538332","","71.7134625","72.1907959","70.8619157","66.9888627","67.3307748","68.6550361","68.3482745","65.7147205","66.2681404","67.4491076","67.4417369","67.4192182","66.4493403","66.4328634","66.3581587","66.3634062","66.4003212","68.1731163","76.1889426","71.9904014","78.4554045","79.3832206","79.2986992","",
"Belize","BLZ","Political Stability - Governance score (0-100)","GOV_WGI_PV_SC","","","","","","","","","","","","","","","","","","","","","","","","","","","","","","","","","","","","","71.9343959","","71.9463138","","67.5538332","","71.7134625","72.1907959","70.8619157","66.9888627","67.3307748","68.6550361","68.3482745","65.7147205","66.2681404","67.4491076","67.4417369","67.4192182","66.4493403","66.4328634","66.3581587","66.3634062","66.4003212","68.1731163","76.1889426","71.9904014","78.4554045","79.3832206","79.2986992","",
"Bermuda","BMU","Political Stability - Governance score (0-100)","GOV_WGI_PV_SC","","","","","","","","","","","","","","","","","","","","","","","","","","","","","","","","","","","","","77.9640044","","77.9794394","","77.9438311","","77.9810314","77.8925948","76.6614487","79.0832182","79.1340565","79.2180142","79.207673","79.3294307","82.2895183","82.1815045","82.1701025","82.1352646","79.8609401","79.8342176","79.7676814","79.7758327","82.5699367","82.5871481","82.5776934","82.5406007","82.6044449","82.6148254","82.483526","",
"Bermuda","BMU","Political Stability - Governance score (0-100)","GOV_WGI_PV_SC","","","","","","","","","","","","","","","","","","","","","","","","","","","","","","","","","","","","","77.9640044","","77.9794394","","77.9438311","","77.9810314","77.8925948","76.6614487","79.0832182","79.1340565","79.2180142","79.207673","79.3294307","82.2895183","82.1815045","82.1701025","82.1352646","79.8609401","79.8342176","79.7676814","79.7758327","82.5699367","82.5871481","82.5776934","82.5406007","82.6044449","82.6148254","82.483526","",
"Bolivia","BOL","Political Stability - Governance score (0-100)","GOV_WGI_PV_SC","","","","","","","","","","","","","","","","","","","","","","","","","","","","","","","","","","","","","61.9936049","","62.8377793","","59.8148877","","59.9925808","50.7835364","55.6214078","50.872166","55.2680031","55.0979763","56.7745115","61.6404052","62.2050153","60.843844","59.3825729","61.5128261","60.806572","62.8995122","61.4628881","62.1237854","62.6256651","53.0155277","59.3078973","61.0096773","62.9801202","60.9437372","56.5672297","",
"Bolivia","BOL","Political Stability - Governance score (0-100)","GOV_WGI_PV_SC","","","","","","","","","","","","","","","","","","","","","","","","","","","","","","","","","","","","","61.9936049","","62.8377793","","59.8148877","","59.9925808","50.7835364","55.6214078","50.872166","55.2680031","55.0979763","56.7745115","61.6404052","62.2050153","60.843844","59.3825729","61.5128261","60.806572","62.8995122","61.4628881","62.1237854","62.6256651","53.0155277","59.3078973","61.0096773","62.9801202","60.9437372","56.5672297","",
"Brazil","BRA","Political Stability - Governance score (0-100)","GOV_WGI_PV_SC","","","","","","","","","","","","","","","","","","","","","","","","","","","","","","","","","","","","","65.3389031","","64.1284701","","72.6664467","","71.6290777","67.776362","62.1394834","62.9208983","61.515373","62.0935476","62.9248544","67.878744","63.3433485","62.953285","64.1931786","59.6486308","61.7708061","57.4235354","56.9027106","55.6089843","54.8735087","53.5594912","58.5933483","59.1936982","58.7919168","56.9850729","57.0022212","",
"Brazil","BRA","Political Stability - Governance score (0-100)","GOV_WGI_PV_SC","","","","","","","","","","","","","","","","","","","","","","","","","","","","","","","","","","","","","65.3389031","","64.1284701","","72.6664467","","71.6290777","67.776362","62.1394834","62.9208983","61.515373","62.0935476","62.9248544","67.878744","63.3433485","62.953285","64.1931786","59.6486308","61.7708061","57.4235354","56.9027106","55.6089843","54.8735087","53.5594912","58.5933483","59.1936982","58.7919168","56.9850729","57.0022212","",
"Barbados","BRB","Political Stability - Governance score (0-100)","GOV_WGI_PV_SC","","","","","","","","","","","","","","","","","","","","","","","","","","","","","","","","","","","","","81.0222275","","81.0327857","","80.9974131","","81.022863","79.0177547","82.2272507","84.2718329","81.8993301","84.4748768","85.7276687","87.7570448","86.0826192","85.9478163","86.9858703","86.6702997","88.7531327","85.1804032","80.2380693","80.2427753","79.5644616","82.5642331","84.1385913","84.4205316","86.5061199","87.7036101","87.6259794","",
"Barbados","BRB","Political Stability - Governance score (0-100)","GOV_WGI_PV_SC","","","","","","","","","","","","","","","","","","","","","","","","","","","","","","","","","","","","","81.0222275","","81.0327857","","80.9974131","","81.022863","79.0177547","82.2272507","84.2718329","81.8993301","84.4748768","85.7276687","87.7570448","86.0826192","85.9478163","86.9858703","86.6702997","88.7531327","85.1804032","80.2380693","80.2427753","79.5644616","82.5642331","84.1385913","84.4205316","86.5061199","87.7036101","87.6259794","",
"Brunei Darussalam","BRN","Political Stability - Governance score (0-100)","GOV_WGI_PV_SC","","","","","","","","","","","","","","","","","","","","","","","","","","","","","","","","","","","","","90.3529578","","88.3996751","","88.9927824","","83.2389786","83.7953758","84.6729909","84.8821175","84.9353916","85.0233704","85.0309546","88.3118432","87.4749131","82.2709199","81.2960012","82.3519994","87.360603","86.446939","83.54484","84.3220613","85.452549","84.6510273","85.7863149","85.763733","85.982082","88.6964047","86.4388526","",
"Brunei Darussalam","BRN","Political Stability - Governance score (0-100)","GOV_WGI_PV_SC","","","","","","","","","","","","","","","","","","","","","","","","","","","","","","","","","","","","","90.3529578","","88.3996751","","88.9927824","","83.2389786","83.7953758","84.6729909","84.8821175","84.9353916","85.0233704","85.0309546","88.3118432","87.4749131","82.2709199","81.2960012","82.3519994","87.360603","86.446939","83.54484","84.3220613","85.452549","84.6510273","85.7863149","85.763733","85.982082","88.6964047","86.4388526","",
"Bhutan","BTN","Political Stability - Governance score (0-100)","GOV_WGI_PV_SC","","","","","","","","","","","","","","","","","","","","","","","","","","","","","","","","","","","","","73.5712659","","71.4006916","","72.7759842","","74.9872008","79.0498151","80.7668081","86.4373306","83.3397634","73.7138102","77.1387223","80.0730133","78.7147561","78.6498546","79.1442935","79.169757","85.6634162","82.9449359","84.8787832","84.987979","84.943449","85.7792773","84.9479261","81.9371556","88.4837541","88.6516184","89.0248497","",
"Bhutan","BTN","Political Stability - Governance score (0-100)","GOV_WGI_PV_SC","","","","","","","","","","","","","","","","","","","","","","","","","","","","","","","","","","","","","73.5712659","","71.4006916","","72.7759842","","74.9872008","79.0498151","80.7668081","86.4373306","83.3397634","73.7138102","77.1387223","80.0730133","78.7147561","78.6498546","79.1442935","79.169757","85.6634162","82.9449359","84.8787832","84.987979","84.943449","85.7792773","84.9479261","81.9371556","88.4837541","88.6516184","89.0248497","",
"Botswana","BWA","Political Stability - Governance score (0-100)","GOV_WGI_PV_SC","","","","","","","","","","","","","","","","","","","","","","","","","","","","","","","","","","","","","85.4803698","","85.847192","","85.6238382","","80.4316927","84.8459728","81.3841064","85.2710297","86.6761006","87.8274261","87.1855815","87.2367751","87.7108852","86.930157","86.8170255","86.1754287","85.5467352","85.2287134","82.698679","83.2599018","82.8874409","85.6050279","84.4026182","83.9533789","84.3398245","83.1933485","83.5276303","",
"Botswana","BWA","Political Stability - Governance score (0-100)","GOV_WGI_PV_SC","","","","","","","","","","","","","","","","","","","","","","","","","","","","","","","","","","","","","85.4803698","","85.847192","","85.6238382","","80.4316927","84.8459728","81.3841064","85.2710297","86.6761006","87.8274261","87.1855815","87.2367751","87.7108852","86.930157","86.8170255","86.1754287","85.5467352","85.2287134","82.698679","83.2599018","82.8874409","85.6050279","84.4026182","83.9533789","84.3398245","83.1933485","83.5276303","",
"Central African Republic","CAF","Political Stability - Governance score (0-100)","GOV_WGI_PV_SC","","","","","","","","","","","","","","","","","","","","","","","","","","","","","","","","","","","","","34.0700685","","34.0519944","","35.1676023","","32.427553","35.4756399","40.1468683","41.3471684","36.4176355","36.4763911","36.7970588","43.1620714","36.5700666","39.1023216","33.9342509","29.1833198","23.4252011","33.6022017","36.8824737","34.6946725","33.5480547","34.2446868","26.0838429","28.8455909","33.4008933","33.8805396","34.5847268","",
"Central African Republic","CAF","Political Stability - Governance score (0-100)","GOV_WGI_PV_SC","","","","","","","","","","","","","","","","","","","","","","","","","","","","","","","","","","","","","34.0700685","","34.0519944","","35.1676023","","32.427553","35.4756399","40.1468683","41.3471684","36.4176355","36.4763911","36.7970588","43.1620714","36.5700666","39.1023216","33.9342509","29.1833198","23.4252011","33.6022017","36.8824737","34.6946725","33.5480547","34.2446868","26.0838429","28.8455909","33.4008933","33.8805396","34.5847268","",
"Canada","CAN","Political Stability - Governance score (0-100)","GOV_WGI_PV_SC","","","","","","","","","","","","","","","","","","","","","","","","","","","","","","","","","","","","","87.9694647","","85.806794","","87.1681737","","85.8650662","84.3454256","79.1553606","81.929392","82.8356768","83.6977442","84.6064683","89.459614","83.2780066","84.2833493","84.5696233","83.2379093","85.7536891","86.0984726","85.7484945","83.3042064","81.902439","81.3392569","82.045178","78.8835053","74.5623814","76.6008039","76.1173365","",
"Canada","CAN","Political Stability - Governance score (0-100)","GOV_WGI_PV_SC","","","","","","","","","","","","","","","","","","","","","","","","","","","","","","","","","","","","","87.9694647","","85.806794","","87.1681737","","85.8650662","84.3454256","79.1553606","81.929392","82.8356768","83.6977442","84.6064683","89.459614","83.2780066","84.2833493","84.5696233","83.2379093","85.7536891","86.0984726","85.7484945","83.3042064","81.902439","81.3392569","82.045178","78.8835053","74.5623814","76.6008039","76.1173365","",
"Central Europe and the Baltics","CEB","Political Stability - Governance score (0-100)","GOV_WGI_PV_SC","","","","","","","","","","","","","","","","","","","","","","","","","","","","","","","","","","","","","","","","","","","","","","","","","","","","","","","","","","","","","","","","","","",
"Central Europe and the Baltics","CEB","Political Stability - Governance score (0-100)","GOV_WGI_PV_SC","","","","","","","","","","","","","","","","","","","","","","","","","","","","","","","","","","","","","","","","","","","","","","","","","","","","","","","","","","","","","","","","","","",
"Switzerland","CHE","Political Stability - Governance score (0-100)","GOV_WGI_PV_SC","","","","","","","","","","","","","","","","","","","","","","","","","","","","","","","","","","","","","91.806906","","92.2519278","","92.9918225","","91.1554565","87.1930599","84.2696225","86.7139432","86.2275361","86.4823936","86.473974","88.3452958","88.2844153","88.9756547","89.4833984","88.8311529","90.1913471","87.6767288","86.5031631","85.7800494","87.3363762","86.3945634","84.9002035","83.4121672","83.4106384","82.8183595","82.6457687","",
"Switzerland","CHE","Political Stability - Governance score (0-100)","GOV_WGI_PV_SC","","","","","","","","","","","","","","","","","","","","","","","","","","","","","","","","","","","","","91.806906","","92.2519278","","92.9918225","","91.1554565","87.1930599","84.2696225","86.7139432","86.2275361","86.4823936","86.473974","88.3452958","88.2844153","88.9756547","89.4833984","88.8311529","90.1913471","87.6767288","86.5031631","85.7800494","87.3363762","86.3945634","84.9002035","83.4121672","83.4106384","82.8183595","82.6457687","",
"Channel Islands","CHI","Political Stability - Governance score (0-100)","GOV_WGI_PV_SC","","","","","","","","","","","","","","","","","","","","","","","","","","","","","","","","","","","","","","","","","","","","","","","","","","","","","","","","","","","","","","","","","","",
"Channel Islands","CHI","Political Stability - Governance score (0-100)","GOV_WGI_PV_SC","","","","","","","","","","","","","","","","","","","","","","","","","","","","","","","","","","","","","","","","","","","","","","","","","","","","","","","","","","","","","","","","","","",
"Chile","CHL","Political Stability - Governance score (0-100)","GOV_WGI_PV_SC","","","","","","","","","","","","","","","","","","","","","","","","","","","","","","","","","","","","","77.3399111","","69.5243632","","76.0490682","","82.5425275","79.3667318","76.7445575","81.6312344","80.7497436","78.8253048","78.6853399","80.5530728","81.3000734","76.1380292","76.021408","75.7046809","78.1672106","77.4767227","76.036093","75.9626148","77.4109534","68.7252227","68.2219116","68.3937218","65.8191317","67.3918808","67.9673582","",
"Chile","CHL","Political Stability - Governance score (0-100)","GOV_WGI_PV_SC","","","","","","","","","","","","","","","","","","","","","","","","","","","","","","","","","","","","","77.3399111","","69.5243632","","76.0490682","","82.5425275","79.3667318","76.7445575","81.6312344","80.7497436","78.8253048","78.6853399","80.5530728","81.3000734","76.1380292","76.021408","75.7046809","78.1672106","77.4767227","76.036093","75.9626148","77.4109534","68.7252227","68.2219116","68.3937218","65.8191317","67.3918808","67.9673582","",
"China","CHN","Political Stability - Governance score (0-100)","GOV_WGI_PV_SC","","","","","","","","","","","","","","","","","","","","","","","","","","","","","","","","","","","","","63.9232808","","59.8328746","","61.3416651","","58.0527003","56.0710792","58.2173345","56.3452765","56.8318168","57.3479835","56.4442797","60.5881052","55.3445851","55.0877666","55.3418691","56.2820438","56.9460927","56.5636835","57.3289648","62.4219089","61.8459925","63.5270765","60.7244539","61.4673891","61.6400806","62.9144825","63.2751622","",
"China","CHN","Political Stability - Governance score (0-100)","GOV_WGI_PV_SC","","","","","","","","","","","","","","","","","","","","","","","","","","","","","","","","","","","","","63.9232808","","59.8328746","","61.3416651","","58.0527003","56.0710792","58.2173345","56.3452765","56.8318168","57.3479835","56.4442797","60.5881052","55.3445851","55.0877666","55.3418691","56.2820438","56.9460927","56.5636835","57.3289648","62.4219089","61.8459925","63.5270765","60.7244539","61.4673891","61.6400806","62.9144825","63.2751622","",
"Cote d'Ivoire","CIV","Political Stability - Governance score (0-100)","GOV_WGI_PV_SC","","","","","","","","","","","","","","","","","","","","","","","","","","","","","","","","","","","","","65.2409281","","60.209816","","43.8634744","","26.8912475","30.5830767","28.2039018","25.7756499","33.3087296","33.0149141","34.6103971","49.4858199","34.2952466","37.8888772","39.9454062","45.2489852","48.1807412","52.5049057","51.1147452","48.1100354","50.2088875","48.5828489","45.9579809","50.5963204","53.658544","52.4435059","51.4803735","",
"Cote d'Ivoire","CIV","Political Stability - Governance score (0-100)","GOV_WGI_PV_SC","","","","","","","","","","","","","","","","","","","","","","","","","","","","","","","","","","","","","65.2409281","","60.209816","","43.8634744","","26.8912475","30.5830767","28.2039018","25.7756499","33.3087296","33.0149141","34.6103971","49.4858199","34.2952466","37.8888772","39.9454062","45.2489852","48.1807412","52.5049057","51.1147452","48.1100354","50.2088875","48.5828489","45.9579809","50.5963204","53.658544","52.4435059","51.4803735","",
"Cameroon","CMR","Political Stability - Governance score (0-100)","GOV_WGI_PV_SC","","","","","","","","","","","","","","","","","","","","","","","","","","","","","","","","","","","","","47.4496727","","52.7771454","","56.7350017","","51.2435832","54.8511198","56.388165","59.606154","61.3455921","60.0242569","55.7835737","58.2237161","54.5261117","53.2019733","52.250605","51.6938747","50.1503044","47.3930506","46.3802722","45.5083351","40.7993905","38.2687805","38.1952254","38.9279612","36.939668","38.3858407","39.3016895","",
"Cameroon","CMR","Political Stability - Governance score (0-100)","GOV_WGI_PV_SC","","","","","","","","","","","","","","","","","","","","","","","","","","","","","","","","","","","","","47.4496727","","52.7771454","","56.7350017","","51.2435832","54.8511198","56.388165","59.606154","61.3455921","60.0242569","55.7835737","58.2237161","54.5261117","53.2019733","52.250605","51.6938747","50.1503044","47.3930506","46.3802722","45.5083351","40.7993905","38.2687805","38.1952254","38.9279612","36.939668","38.3858407","39.3016895","",
"Congo, Dem. Rep.","COD","Political Stability - Governance score (0-100)","GOV_WGI_PV_SC","","","","","","","","","","","","","","","","","","","","","","","","","","","","","","","","","","","","","20.2455996","","19.6309934","","22.3342967","","27.2767245","30.1130389","28.0440471","30.4536938","30.824081","31.263693","32.730543","39.7386061","31.2204646","28.9220533","28.0279579","27.875614","27.4916572","31.5476986","27.9914272","27.2322679","33.49551","37.7644428","35.0400198","38.0263926","34.3693483","32.0518364","29.6954723","",
"Congo, Dem. Rep.","COD","Political Stability - Governance score (0-100)","GOV_WGI_PV_SC","","","","","","","","","","","","","","","","","","","","","","","","","","","","","","","","","","","","","20.2455996","","19.6309934","","22.3342967","","27.2767245","30.1130389","28.0440471","30.4536938","30.824081","31.263693","32.730543","39.7386061","31.2204646","28.9220533","28.0279579","27.875614","27.4916572","31.5476986","27.9914272","27.2322679","33.49551","37.7644428","35.0400198","38.0263926","34.3693483","32.0518364","29.6954723","",
"Congo, Rep.","COG","Political Stability - Governance score (0-100)","GOV_WGI_PV_SC","","","","","","","","","","","","","","","","","","","","","","","","","","","","","","","","","","","","","33.208833","","30.6919463","","36.4655118","","34.9979393","44.6442589","45.4402718","44.2385009","50.8551681","51.496092","52.2516351","59.3735999","56.8009862","55.2150468","54.4771831","56.0282249","57.7930395","52.942842","52.8986092","52.7489317","54.1142196","55.7072394","56.0583227","57.0560333","63.4245459","62.4872904","61.4802566","",
"Congo, Rep.","COG","Political Stability - Governance score (0-100)","GOV_WGI_PV_SC","","","","","","","","","","","","","","","","","","","","","","","","","","","","","","","","","","","","","33.208833","","30.6919463","","36.4655118","","34.9979393","44.6442589","45.4402718","44.2385009","50.8551681","51.496092","52.2516351","59.3735999","56.8009862","55.2150468","54.4771831","56.0282249","57.7930395","52.942842","52.8986092","52.7489317","54.1142196","55.7072394","56.0583227","57.0560333","63.4245459","62.4872904","61.4802566","",
"Colombia","COL","Political Stability - Governance score (0-100)","GOV_WGI_PV_SC","","","","","","","","","","","","","","","","","","","","","","","","","","","","","","","","","","","","","31.662516","","28.7752062","","29.8839848","","25.3197419","26.0280015","31.939793","31.7315837","34.5742712","38.2877257","37.8071024","39.1755145","43.1639794","45.9787128","43.151392","43.7037921","48.8925418","49.5727208","50.9727937","52.5716247","54.5255309","50.4304751","54.2459136","48.5602739","52.0722697","52.2402416","49.3103253","",
"Colombia","COL","Political Stability - Governance score (0-100)","GOV_WGI_PV_SC","","","","","","","","","","","","","","","","","","","","","","","","","","","","","","","","","","","","","31.662516","","28.7752062","","29.8839848","","25.3197419","26.0280015","31.939793","31.7315837","34.5742712","38.2877257","37.8071024","39.1755145","43.1639794","45.9787128","43.151392","43.7037921","48.8925418","49.5727208","50.9727937","52.5716247","54.5255309","50.4304751","54.2459136","48.5602739","52.0722697","52.2402416","49.3103253","",
"Comoros","COM","Political Stability - Governance score (0-100)","GOV_WGI_PV_SC","","","","","","","","","","","","","","","","","","","","","","","","","","","","","","","","","","","","","65.0304879","","65.0410461","","55.9620029","","63.1043837","49.3574431","56.9844717","54.0754905","59.1886745","48.8723804","48.8622117","57.2511769","57.6523605","56.8804191","59.1460867","61.8017529","65.6326741","64.2429749","61.4537187","62.478104","58.9314888","58.1216877","58.1003511","59.0937521","59.4927902","59.4998996","62.1146741","",
"Comoros","COM","Political Stability - Governance score (0-100)","GOV_WGI_PV_SC","","","","","","","","","","","","","","","","","","","","","","","","","","","","","","","","","","","","","65.0304879","","65.0410461","","55.9620029","","63.1043837","49.3574431","56.9844717","54.0754905","59.1886745","48.8723804","48.8622117","57.2511769","57.6523605","56.8804191","59.1460867","61.8017529","65.6326741","64.2429749","61.4537187","62.478104","58.9314888","58.1216877","58.1003511","59.0937521","59.4927902","59.4998996","62.1146741","",
"Cabo Verde","CPV","Political Stability - Governance score (0-100)","GOV_WGI_PV_SC","","","","","","","","","","","","","","","","","","","","","","","","","","","","","","","","","","","","","84.7101143","","84.7347323","","86.4137887","","79.6200092","81.4052175","80.8346784","80.5820586","82.160858","81.5046239","80.3960007","83.1422267","83.1646582","83.2684341","80.2570436","79.6449552","76.9207474","80.3031075","80.0349179","78.1987005","80.2221202","80.231621","80.2264026","80.1387552","80.173998","80.7415683","79.040094","",
"Cabo Verde","CPV","Political Stability - Governance score (0-100)","GOV_WGI_PV_SC","","","","","","","","","","","","","","","","","","","","","","","","","","","","","","","","","","","","","84.7101143","","84.7347323","","86.4137887","","79.6200092","81.4052175","80.8346784","80.5820586","82.160858","81.5046239","80.3960007","83.1422267","83.1646582","83.2684341","80.2570436","79.6449552","76.9207474","80.3031075","80.0349179","78.1987005","80.2221202","80.231621","80.2264026","80.1387552","80.173998","80.7415683","79.040094","",
"Costa Rica","CRI","Political Stability - Governance score (0-100)","GOV_WGI_PV_SC","","","","","","","","","","","","","","","","","","","","","","","","","","","","","","","","","","","","","78.4200217","","80.512282","","77.3356885","","81.7856914","76.1467767","77.7265223","80.0237175","80.6908838","79.7853711","75.7933293","78.1993684","79.4541674","76.6845977","77.0920998","77.153462","77.5166561","78.6355453","78.4171178","78.5448694","76.735494","76.5896171","81.6952443","83.2688714","85.4710022","86.1234989","85.9764519","",
"Costa Rica","CRI","Political Stability - Governance score (0-100)","GOV_WGI_PV_SC","","","","","","","","","","","","","","","","","","","","","","","","","","","","","","","","","","","","","78.4200217","","80.512282","","77.3356885","","81.7856914","76.1467767","77.7265223","80.0237175","80.6908838","79.7853711","75.7933293","78.1993684","79.4541674","76.6845977","77.0920998","77.153462","77.5166561","78.6355453","78.4171178","78.5448694","76.735494","76.5896171","81.6952443","83.2688714","85.4710022","86.1234989","85.9764519","",
"Caribbean small states","CSS","Political Stability - Governance score (0-100)","GOV_WGI_PV_SC","","","","","","","","","","","","","","","","","","","","","","","","","","","","","","","","","","","","","","","","","","","","","","","","","","","","","","","","","","","","","","","","","","",
"Caribbean small states","CSS","Political Stability - Governance score (0-100)","GOV_WGI_PV_SC","","","","","","","","","","","","","","","","","","","","","","","","","","","","","","","","","","","","","","","","","","","","","","","","","","","","","","","","","","","","","","","","","","",
"Cuba","CUB","Political Stability - Governance score (0-100)","GOV_WGI_PV_SC","","","","","","","","","","","","","","","","","","","","","","","","","","","","","","","","","","","","","70.3150978","","70.0555958","","72.3034234","","72.6693454","70.933409","71.0059358","73.062101","74.2834696","73.0986505","73.4872996","73.7240062","73.6565168","69.9285412","69.9915825","71.0891761","75.7299549","75.8822886","76.3869662","75.6815934","75.5904409","77.1553649","77.317512","74.4256073","74.3923665","73.2488883","71.2840926","",
"Cuba","CUB","Political Stability - Governance score (0-100)","GOV_WGI_PV_SC","","","","","","","","","","","","","","","","","","","","","","","","","","","","","","","","","","","","","70.3150978","","70.0555958","","72.3034234","","72.6693454","70.933409","71.0059358","73.062101","74.2834696","73.0986505","73.4872996","73.7240062","73.6565168","69.9285412","69.9915825","71.0891761","75.7299549","75.8822886","76.3869662","75.6815934","75.5904409","77.1553649","77.317512","74.4256073","74.3923665","73.2488883","71.2840926","",
"Curacao","CUW","Political Stability - Governance score (0-100)","GOV_WGI_PV_SC","","","","","","","","","","","","","","","","","","","","","","","","","","","","","","","","","","","","","","","","","","","","","","","","","","","","","","","","","","","","","","","","","","",
"Curacao","CUW","Political Stability - Governance score (0-100)","GOV_WGI_PV_SC","","","","","","","","","","","","","","","","","","","","","","","","","","","","","","","","","","","","","","","","","","","","","","","","","","","","","","","","","","","","","","","","","","",
"Cayman Islands","CYM","Political Stability - Governance score (0-100)","GOV_WGI_PV_SC","","","","","","","","","","","","","","","","","","","","","","","","","","","","","","","","","","","","","77.9640044","","77.9794394","","77.9438311","","77.9810314","77.8925948","84.1472722","86.0714478","86.1222878","86.2062456","86.1959044","88.3887634","87.1809371","87.0967521","87.0878662","87.0607133","87.687755","87.6669274","82.5382366","82.5468526","82.6074581","87.6795319","87.6721629","90.8915031","90.9412618","90.9493533","90.8470192","",
"Cayman Islands","CYM","Political Stability - Governance score (0-100)","GOV_WGI_PV_SC","","","","","","","","","","","","","","","","","","","","","","","","","","","","","","","","","","","","","77.9640044","","77.9794394","","77.9438311","","77.9810314","77.8925948","84.1472722","86.0714478","86.1222878","86.2062456","86.1959044","88.3887634","87.1809371","87.0967521","87.0878662","87.0607133","87.687755","87.6669274","82.5382366","82.5468526","82.6074581","87.6795319","87.6721629","90.8915031","90.9412618","90.9493533","90.8470192","",
"Cyprus","CYP","Political Stability - Governance score (0-100)","GOV_WGI_PV_SC","","","","","","","","","","","","","","","","","","","","","","","","","","","","","","","","","","","","","74.7717181","","73.8933651","","78.0067392","","72.6569288","72.8181501","71.3261492","75.5263593","76.8705497","77.7333994","79.572056","79.3931468","78.9884444","79.287685","79.4455839","78.1310078","77.9047176","77.5634733","78.9998839","77.4041516","77.1017013","78.5331873","73.6462217","74.0794418","72.404801","72.6175899","72.4855218","",
"Cyprus","CYP","Political Stability - Governance score (0-100)","GOV_WGI_PV_SC","","","","","","","","","","","","","","","","","","","","","","","","","","","","","","","","","","","","","74.7717181","","73.8933651","","78.0067392","","72.6569288","72.8181501","71.3261492","75.5263593","76.8705497","77.7333994","79.572056","79.3931468","78.9884444","79.287685","79.4455839","78.1310078","77.9047176","77.5634733","78.9998839","77.4041516","77.1017013","78.5331873","73.6462217","74.0794418","72.404801","72.6175899","72.4855218","",
"Czechia","CZE","Political Stability - Governance score (0-100)","GOV_WGI_PV_SC","","","","","","","","","","","","","","","","","","","","","","","","","","","","","","","","","","","","","84.75865","","81.6574205","","76.2654613","","82.5917533","81.364278","77.9667238","83.7156252","84.2332968","84.635097","85.1185815","84.1953432","84.6716739","85.1925072","85.0744443","85.005901","85.0958818","84.6939927","84.0305673","83.3175368","83.7215235","83.5971951","81.4082597","82.9227315","82.9033439","84.1796811","82.4960109","",
"Czechia","CZE","Political Stability - Governance score (0-100)","GOV_WGI_PV_SC","","","","","","","","","","","","","","","","","","","","","","","","","","","","","","","","","","","","","84.75865","","81.6574205","","76.2654613","","82.5917533","81.364278","77.9667238","83.7156252","84.2332968","84.635097","85.1185815","84.1953432","84.6716739","85.1925072","85.0744443","85.005901","85.0958818","84.6939927","84.0305673","83.3175368","83.7215235","83.5971951","81.4082597","82.9227315","82.9033439","84.1796811","82.4960109","",
"Germany","DEU","Political Stability - Governance score (0-100)","GOV_WGI_PV_SC","","","","","","","","","","","","","","","","","","","","","","","","","","","","","","","","","","","","","87.7215509","","87.3566999","","88.9546238","","83.190255","78.3383511","77.9405873","82.8622644","83.5989357","84.0101428","83.1176684","83.4916974","81.781807","81.1970475","82.4089443","82.236509","84.1249875","80.0916647","79.4663004","77.8895081","79.967946","78.3156599","77.5791167","77.1734509","74.9216757","74.5380247","68.0170742","",
"Germany","DEU","Political Stability - Governance score (0-100)","GOV_WGI_PV_SC","","","","","","","","","","","","","","","","","","","","","","","","","","","","","","","","","","","","","87.7215509","","87.3566999","","88.9546238","","83.190255","78.3383511","77.9405873","82.8622644","83.5989357","84.0101428","83.1176684","83.4916974","81.781807","81.1970475","82.4089443","82.236509","84.1249875","80.0916647","79.4663004","77.8895081","79.967946","78.3156599","77.5791167","77.1734509","74.9216757","74.5380247","68.0170742","",
"Djibouti","DJI","Political Stability - Governance score (0-100)","GOV_WGI_PV_SC","","","","","","","","","","","","","","","","","","","","","","","","","","","","","","","","","","","","","52.9754132","","49.8325918","","56.6305136","","59.6821364","52.8211015","61.2836594","53.7294856","63.5512042","65.8873061","71.1294699","75.1307255","72.016924","67.9062334","67.8992675","60.8463858","59.3289913","57.4700879","53.8101722","52.993998","60.8259835","59.3303305","58.0505993","56.8861688","57.7394306","57.9682181","56.3908861","",
"Djibouti","DJI","Political Stability - Governance score (0-100)","GOV_WGI_PV_SC","","","","","","","","","","","","","","","","","","","","","","","","","","","","","","","","","","","","","52.9754132","","49.8325918","","56.6305136","","59.6821364","52.8211015","61.2836594","53.7294856","63.5512042","65.8873061","71.1294699","75.1307255","72.016924","67.9062334","67.8992675","60.8463858","59.3289913","57.4700879","53.8101722","52.993998","60.8259835","59.3303305","58.0505993","56.8861688","57.7394306","57.9682181","56.3908861","",
"Dominica","DMA","Political Stability - Governance score (0-100)","GOV_WGI_PV_SC","","","","","","","","","","","","","","","","","","","","","","","","","","","","","","","","","","","","","77.9640044","","77.9794394","","73.3008642","","73.3380645","74.7370373","80.519294","80.376707","82.5093038","80.4894473","82.5708745","82.6727098","84.6634508","84.5731096","84.5635747","84.5344352","85.4934526","84.8904806","81.8875233","84.8445243","84.8896624","82.7489638","87.0500185","87.0208227","87.0710767","87.0792486","86.9758947","",
"Dominica","DMA","Political Stability - Governance score (0-100)","GOV_WGI_PV_SC","","","","","","","","","","","","","","","","","","","","","","","","","","","","","","","","","","","","","77.9640044","","77.9794394","","73.3008642","","73.3380645","74.7370373","80.519294","80.376707","82.5093038","80.4894473","82.5708745","82.6727098","84.6634508","84.5731096","84.5635747","84.5344352","85.4934526","84.8904806","81.8875233","84.8445243","84.8896624","82.7489638","87.0500185","87.0208227","87.0710767","87.0792486","86.9758947","",
"Denmark","DNK","Political Stability - Governance score (0-100)","GOV_WGI_PV_SC","","","","","","","","","","","","","","","","","","","","","","","","","","","","","","","","","","","","","90.4751083","","90.4304348","","90.2941407","","89.6180766","86.5752081","83.1183398","85.295002","84.544568","87.4742691","86.9263153","86.5085779","85.8853352","85.6252474","83.7172224","83.3239817","85.2102567","83.3159021","81.8158814","81.5224092","83.0073538","81.242189","80.7263059","80.2591122","80.2709531","81.2779733","79.0280276","",
"Denmark","DNK","Political Stability - Governance score (0-100)","GOV_WGI_PV_SC","","","","","","","","","","","","","","","","","","","","","","","","","","","","","","","","","","","","","90.4751083","","90.4304348","","90.2941407","","89.6180766","86.5752081","83.1183398","85.295002","84.544568","87.4742691","86.9263153","86.5085779","85.8853352","85.6252474","83.7172224","83.3239817","85.2102567","83.3159021","81.8158814","81.5224092","83.0073538","81.242189","80.7263059","80.2591122","80.2709531","81.2779733","79.0280276","",
"Dominican Republic","DOM","Political Stability - Governance score (0-100)","GOV_WGI_PV_SC","","","","","","","","","","","","","","","","","","","","","","","","","","","","","","","","","","","","","62.5763214","","58.1668088","","63.6298001","","63.162825","55.718872","58.1533844","59.2115536","63.2623629","64.527305","65.4106236","64.886063","64.9199956","64.873245","66.4306599","65.7284045","66.8331451","67.8938356","68.5519931","67.4637175","65.9469346","66.7744903","69.9277076","71.8780557","74.289238","73.8470193","75.9612671","",
"Dominican Republic","DOM","Political Stability - Governance score (0-100)","GOV_WGI_PV_SC","","","","","","","","","","","","","","","","","","","","","","","","","","","","","","","","","","","","","62.5763214","","58.1668088","","63.6298001","","63.162825","55.718872","58.1533844","59.2115536","63.2623629","64.527305","65.4106236","64.886063","64.9199956","64.873245","66.4306599","65.7284045","66.8331451","67.8938356","68.5519931","67.4637175","65.9469346","66.7744903","69.9277076","71.8780557","74.289238","73.8470193","75.9612671","",
"Algeria","DZA","Political Stability - Governance score (0-100)","GOV_WGI_PV_SC","","","","","","","","","","","","","","","","","","","","","","","","","","","","","","","","","","","","","31.1342008","","29.6255898","","38.5173963","","36.2744729","37.7674287","43.5847453","51.2410346","47.8661819","47.7794278","48.87271","45.7322868","43.3864826","41.3613393","43.9249937","43.0357222","45.7908836","47.9651356","46.6846903","50.0169672","55.0130534","47.7447231","50.7988142","50.5039858","52.1017611","53.3951013","54.0467968","",
"Algeria","DZA","Political Stability - Governance score (0-100)","GOV_WGI_PV_SC","","","","","","","","","","","","","","","","","","","","","","","","","","","","","","","","","","","","","31.1342008","","29.6255898","","38.5173963","","36.2744729","37.7674287","43.5847453","51.2410346","47.8661819","47.7794278","48.87271","45.7322868","43.3864826","41.3613393","43.9249937","43.0357222","45.7908836","47.9651356","46.6846903","50.0169672","55.0130534","47.7447231","50.7988142","50.5039858","52.1017611","53.3951013","54.0467968","",
"East Asia & Pacific (excluding high income)","EAP","Political Stability - Governance score (0-100)","GOV_WGI_PV_SC","","","","","","","","","","","","","","","","","","","","","","","","","","","","","","","","","","","","","","","","","","","","","","","","","","","","","","","","","","","","","","","","","","",
"East Asia & Pacific (excluding high income)","EAP","Political Stability - Governance score (0-100)","GOV_WGI_PV_SC","","","","","","","","","","","","","","","","","","","","","","","","","","","","","","","","","","","","","","","","","","","","","","","","","","","","","","","","","","","","","","","","","","",
"Early-demographic dividend","EAR","Political Stability - Governance score (0-100)","GOV_WGI_PV_SC","","","","","","","","","","","","","","","","","","","","","","","","","","","","","","","","","","","","","","","","","","","","","","","","","","","","","","","","","","","","","","","","","","",
"Early-demographic dividend","EAR","Political Stability - Governance score (0-100)","GOV_WGI_PV_SC","","","","","","","","","","","","","","","","","","","","","","","","","","","","","","","","","","","","","","","","","","","","","","","","","","","","","","","","","","","","","","","","","","",
"East Asia & Pacific","EAS","Political Stability - Governance score (0-100)","GOV_WGI_PV_SC","","","","","","","","","","","","","","","","","","","","","","","","","","","","","","","","","","","","","","","","","","","","","","","","","","","","","","","","","","","","","","","","","","",
"East Asia & Pacific","EAS","Political Stability - Governance score (0-100)","GOV_WGI_PV_SC","","","","","","","","","","","","","","","","","","","","","","","","","","","","","","","","","","","","","","","","","","","","","","","","","","","","","","","","","","","","","","","","","","",
"Europe & Central Asia (excluding high income)","ECA","Political Stability - Governance score (0-100)","GOV_WGI_PV_SC","","","","","","","","","","","","","","","","","","","","","","","","","","","","","","","","","","","","","","","","","","","","","","","","","","","","","","","","","","","","","","","","","","",
"Europe & Central Asia (excluding high income)","ECA","Political Stability - Governance score (0-100)","GOV_WGI_PV_SC","","","","","","","","","","","","","","","","","","","","","","","","","","","","","","","","","","","","","","","","","","","","","","","","","","","","","","","","","","","","","","","","","","",
"Europe & Central Asia","ECS","Political Stability - Governance score (0-100)","GOV_WGI_PV_SC","","","","","","","","","","","","","","","","","","","","","","","","","","","","","","","","","","","","","","","","","","","","","","","","","","","","","","","","","","","","","","","","","","",
"Europe & Central Asia","ECS","Political Stability - Governance score (0-100)","GOV_WGI_PV_SC","","","","","","","","","","","","","","","","","","","","","","","","","","","","","","","","","","","","","","","","","","","","","","","","","","","","","","","","","","","","","","","","","","",
"Ecuador","ECU","Political Stability - Governance score (0-100)","GOV_WGI_PV_SC","","","","","","","","","","","","","","","","","","","","","","","","","","","","","","","","","","","","","50.9444758","","58.3190007","","53.0023646","","51.3477383","47.5674417","50.2157047","51.2783186","52.7744977","54.3935977","56.3343682","56.9752237","54.6041353","53.2044433","54.6078078","61.395906","65.6082987","62.7810581","63.0368482","63.7182247","64.7456762","62.3101269","63.3085413","62.5069701","61.9036395","59.8413932","53.5770067","",
"Ecuador","ECU","Political Stability - Governance score (0-100)","GOV_WGI_PV_SC","","","","","","","","","","","","","","","","","","","","","","","","","","","","","","","","","","","","","50.9444758","","58.3190007","","53.0023646","","51.3477383","47.5674417","50.2157047","51.2783186","52.7744977","54.3935977","56.3343682","56.9752237","54.6041353","53.2044433","54.6078078","61.395906","65.6082987","62.7810581","63.0368482","63.7182247","64.7456762","62.3101269","63.3085413","62.5069701","61.9036395","59.8413932","53.5770067","",
"Egypt, Arab Rep.","EGY","Political Stability - Governance score (0-100)","GOV_WGI_PV_SC","","","","","","","","","","","","","","","","","","","","","","","","","","","","","","","","","","","","","52.4281085","","59.1084013","","58.2796447","","55.2507763","52.0632968","50.8490751","54.0258855","54.3377682","58.194206","58.5218891","56.1431806","48.8002345","37.0462076","38.7439308","35.027376","40.1160411","39.967655","39.5891865","40.7648362","44.3372496","45.4490688","46.809485","47.6720665","49.5934665","50.5325121","49.1898949","",
"Egypt, Arab Rep.","EGY","Political Stability - Governance score (0-100)","GOV_WGI_PV_SC","","","","","","","","","","","","","","","","","","","","","","","","","","","","","","","","","","","","","52.4281085","","59.1084013","","58.2796447","","55.2507763","52.0632968","50.8490751","54.0258855","54.3377682","58.194206","58.5218891","56.1431806","48.8002345","37.0462076","38.7439308","35.027376","40.1160411","39.967655","39.5891865","40.7648362","44.3372496","45.4490688","46.809485","47.6720665","49.5934665","50.5325121","49.1898949","",
"Euro area","EMU","Political Stability - Governance score (0-100)","GOV_WGI_PV_SC","","","","","","","","","","","","","","","","","","","","","","","","","","","","","","","","","","","","","","","","","","","","","","","","","","","","","","","","","","","","","","","","","","",
"Euro area","EMU","Political Stability - Governance score (0-100)","GOV_WGI_PV_SC","","","","","","","","","","","","","","","","","","","","","","","","","","","","","","","","","","","","","","","","","","","","","","","","","","","","","","","","","","","","","","","","","","",
"Eritrea","ERI","Political Stability - Governance score (0-100)","GOV_WGI_PV_SC","","","","","","","","","","","","","","","","","","","","","","","","","","","","","","","","","","","","","36.9387558","","35.8594276","","36.2918329","","53.8186789","49.1018785","51.8874793","50.0571585","50.7965782","48.9264692","52.3790843","54.5031711","50.6738862","50.6064395","50.3067411","49.0944736","54.7608658","52.4110252","53.1037114","51.6451921","50.0762283","49.2154045","47.6073256","48.3502402","47.6229894","52.4037143","53.7901219","",
"Eritrea","ERI","Political Stability - Governance score (0-100)","GOV_WGI_PV_SC","","","","","","","","","","","","","","","","","","","","","","","","","","","","","","","","","","","","","36.9387558","","35.8594276","","36.2918329","","53.8186789","49.1018785","51.8874793","50.0571585","50.7965782","48.9264692","52.3790843","54.5031711","50.6738862","50.6064395","50.3067411","49.0944736","54.7608658","52.4110252","53.1037114","51.6451921","50.0762283","49.2154045","47.6073256","48.3502402","47.6229894","52.4037143","53.7901219","",
"Spain","ESP","Political Stability - Governance score (0-100)","GOV_WGI_PV_SC","","","","","","","","","","","","","","","","","","","","","","","","","","","","","","","","","","","","","69.1661005","","69.475901","","71.2867488","","69.6115989","67.3934472","66.5281616","70.3652289","68.0912135","66.5599676","66.1992349","65.6648764","66.2582775","69.3562666","68.3667517","67.5684619","74.1383392","73.3306681","73.1708988","70.6878491","71.6108499","70.4560005","70.9452995","72.440575","68.575798","68.4301142","65.8432851","",
"Spain","ESP","Political Stability - Governance score (0-100)","GOV_WGI_PV_SC","","","","","","","","","","","","","","","","","","","","","","","","","","","","","","","","","","","","","69.1661005","","69.475901","","71.2867488","","69.6115989","67.3934472","66.5281616","70.3652289","68.0912135","66.5599676","66.1992349","65.6648764","66.2582775","69.3562666","68.3667517","67.5684619","74.1383392","73.3306681","73.1708988","70.6878491","71.6108499","70.4560005","70.9452995","72.440575","68.575798","68.4301142","65.8432851","",
"Estonia","EST","Political Stability - Governance score (0-100)","GOV_WGI_PV_SC","","","","","","","","","","","","","","","","","","","","","","","","","","","","","","","","","","","","","78.6260838","","78.9783884","","81.430406","","80.6163294","81.4138506","76.4539927","77.6396385","78.2744693","78.5057491","77.2952717","77.2812392","79.1020251","78.1653452","77.9251865","80.63728","83.3984558","81.1286169","80.809179","80.2859166","79.5395993","79.9625636","81.5734269","81.0612214","80.8282096","80.3685061","77.8442761","",
"Estonia","EST","Political Stability - Governance score (0-100)","GOV_WGI_PV_SC","","","","","","","","","","","","","","","","","","","","","","","","","","","","","","","","","","","","","78.6260838","","78.9783884","","81.430406","","80.6163294","81.4138506","76.4539927","77.6396385","78.2744693","78.5057491","77.2952717","77.2812392","79.1020251","78.1653452","77.9251865","80.63728","83.3984558","81.1286169","80.809179","80.2859166","79.5395993","79.9625636","81.5734269","81.0612214","80.8282096","80.3685061","77.8442761","",
"Ethiopia","ETH","Political Stability - Governance score (0-100)","GOV_WGI_PV_SC","","","","","","","","","","","","","","","","","","","","","","","","","","","","","","","","","","","","","42.8449925","","47.3716661","","43.6116403","","40.1250346","39.7449809","44.8066469","37.9277583","37.033294","37.0800241","37.5232506","43.5127874","38.9726552","39.7903787","38.3326332","42.0613399","45.7974959","44.3110499","41.3027375","39.9376631","45.303812","45.7555776","38.6764124","31.4927932","34.0209042","34.0585384","33.6960224","",
"Ethiopia","ETH","Political Stability - Governance score (0-100)","GOV_WGI_PV_SC","","","","","","","","","","","","","","","","","","","","","","","","","","","","","","","","","","","","","42.8449925","","47.3716661","","43.6116403","","40.1250346","39.7449809","44.8066469","37.9277583","37.033294","37.0800241","37.5232506","43.5127874","38.9726552","39.7903787","38.3326332","42.0613399","45.7974959","44.3110499","41.3027375","39.9376631","45.303812","45.7555776","38.6764124","31.4927932","34.0209042","34.0585384","33.6960224","",
"European Union","EUU","Political Stability - Governance score (0-100)","GOV_WGI_PV_SC","","","","","","","","","","","","","","","","","","","","","","","","","","","","","","","","","","","","","","","","","","","","","","","","","","","","","","","","","","","","","","","","","","",
"European Union","EUU","Political Stability - Governance score (0-100)","GOV_WGI_PV_SC","","","","","","","","","","","","","","","","","","","","","","","","","","","","","","","","","","","","","","","","","","","","","","","","","","","","","","","","","","","","","","","","","","",
"Finland","FIN","Political Stability - Governance score (0-100)","GOV_WGI_PV_SC","","","","","","","","","","","","","","","","","","","","","","","","","","","","","","","","","","","","","92.4866171","","92.4942098","","94.2699652","","94.1811665","93.703799","89.292737","91.6383192","90.9859917","91.5464492","90.7912785","91.5155435","90.847851","89.8981465","89.342781","88.6681551","88.4108482","85.2782928","84.0178329","85.3471794","83.6849655","82.9390103","85.6622581","85.1751318","84.5001627","78.9597268","80.1160128","",
"Finland","FIN","Political Stability - Governance score (0-100)","GOV_WGI_PV_SC","","","","","","","","","","","","","","","","","","","","","","","","","","","","","","","","","","","","","92.4866171","","92.4942098","","94.2699652","","94.1811665","93.703799","89.292737","91.6383192","90.9859917","91.5464492","90.7912785","91.5155435","90.847851","89.8981465","89.342781","88.6681551","88.4108482","85.2782928","84.0178329","85.3471794","83.6849655","82.9390103","85.6622581","85.1751318","84.5001627","78.9597268","80.1160128","",
"Fiji","FJI","Political Stability - Governance score (0-100)","GOV_WGI_PV_SC","","","","","","","","","","","","","","","","","","","","","","","","","","","","","","","","","","","","","79.5687781","","79.5793362","","70.2290971","","72.2189754","72.1584741","69.0113173","71.9146291","63.0886823","65.7872455","64.139609","62.951828","62.8608992","63.8143617","63.804825","63.7756872","71.489697","71.4692383","78.203374","72.419293","77.8243726","77.6492708","76.150895","77.2767758","79.2616509","79.2681419","77.8248628","",
"Fiji","FJI","Political Stability - Governance score (0-100)","GOV_WGI_PV_SC","","","","","","","","","","","","","","","","","","","","","","","","","","","","","","","","","","","","","79.5687781","","79.5793362","","70.2290971","","72.2189754","72.1584741","69.0113173","71.9146291","63.0886823","65.7872455","64.139609","62.951828","62.8608992","63.8143617","63.804825","63.7756872","71.489697","71.4692383","78.203374","72.419293","77.8243726","77.6492708","76.150895","77.2767758","79.2616509","79.2681419","77.8248628","",
"France","FRA","Political Stability - Governance score (0-100)","GOV_WGI_PV_SC","","","","","","","","","","","","","","","","","","","","","","","","","","","","","","","","","","","","","79.8812757","","78.6236275","","79.9556558","","79.5826125","71.761361","72.5577633","73.7902828","76.0952107","77.0188812","76.8067448","74.5791042","78.5370904","75.9398587","76.4037232","74.2924203","72.5184039","68.8591869","65.1849449","69.8226831","67.6768856","69.3801876","68.0652717","68.0151167","66.2332512","65.5737443","61.771486","",
"France","FRA","Political Stability - Governance score (0-100)","GOV_WGI_PV_SC","","","","","","","","","","","","","","","","","","","","","","","","","","","","","","","","","","","","","79.8812757","","78.6236275","","79.9556558","","79.5826125","71.761361","72.5577633","73.7902828","76.0952107","77.0188812","76.8067448","74.5791042","78.5370904","75.9398587","76.4037232","74.2924203","72.5184039","68.8591869","65.1849449","69.8226831","67.6768856","69.3801876","68.0652717","68.0151167","66.2332512","65.5737443","61.771486","",
"Faroe Islands","FRO","Political Stability - Governance score (0-100)","GOV_WGI_PV_SC","","","","","","","","","","","","","","","","","","","","","","","","","","","","","","","","","","","","","","","","","","","","","","","","","","","","","","","","","","","","","","","","","","",
"Faroe Islands","FRO","Political Stability - Governance score (0-100)","GOV_WGI_PV_SC","","","","","","","","","","","","","","","","","","","","","","","","","","","","","","","","","","","","","","","","","","","","","","","","","","","","","","","","","","","","","","","","","","",
"Micronesia, Fed. Sts.","FSM","Political Stability - Governance score (0-100)","GOV_WGI_PV_SC","","","","","","","","","","","","","","","","","","","","","","","","","","","","","","","","","","","","","","","","","","","","73.9578635","78.6281558","84.3472533","84.3897745","84.4599936","84.4513451","90.3980088","86.5439215","84.363503","84.3539664","84.3248286","84.2265786","84.204229","84.1485789","84.1553979","86.4923385","83.1362703","85.0374541","86.8511665","91.5889431","91.5959175","91.5077064","",
"Micronesia, Fed. Sts.","FSM","Political Stability - Governance score (0-100)","GOV_WGI_PV_SC","","","","","","","","","","","","","","","","","","","","","","","","","","","","","","","","","","","","","","","","","","","","73.9578635","78.6281558","84.3472533","84.3897745","84.4599936","84.4513451","90.3980088","86.5439215","84.363503","84.3539664","84.3248286","84.2265786","84.204229","84.1485789","84.1553979","86.4923385","83.1362703","85.0374541","86.8511665","91.5889431","91.5959175","91.5077064","",
"Gabon","GAB","Political Stability - Governance score (0-100)","GOV_WGI_PV_SC","","","","","","","","","","","","","","","","","","","","","","","","","","","","","","","","","","","","","64.7956603","","68.2562149","","72.0023277","","67.4698788","63.0156278","65.7080723","66.7630524","66.7638467","68.3070959","67.1071254","63.9244116","65.8785074","65.470908","66.994819","65.8730276","64.4156989","63.9332923","56.762925","58.1655772","59.1736205","61.1017813","62.1449871","61.0768695","63.6313784","61.278856","61.1647202","",
"Gabon","GAB","Political Stability - Governance score (0-100)","GOV_WGI_PV_SC","","","","","","","","","","","","","","","","","","","","","","","","","","","","","","","","","","","","","64.7956603","","68.2562149","","72.0023277","","67.4698788","63.0156278","65.7080723","66.7630524","66.7638467","68.3070959","67.1071254","63.9244116","65.8785074","65.470908","66.994819","65.8730276","64.4156989","63.9332923","56.762925","58.1655772","59.1736205","61.1017813","62.1449871","61.0768695","63.6313784","61.278856","61.1647202","",
"United Kingdom","GBR","Political Stability - Governance score (0-100)","GOV_WGI_PV_SC","","","","","","","","","","","","","","","","","","","","","","","","","","","","","","","","","","","","","83.8589518","","84.4851735","","84.6419792","","75.2680581","73.0619917","71.8461951","72.6563122","77.1692761","77.781368","76.9373029","74.3128328","76.0365679","73.2702147","73.8956575","73.7518389","75.180368","75.0691258","73.5786913","73.421614","70.7215323","75.5992994","74.6097896","73.3482195","72.1751474","72.1862761","70.2964669","",
"United Kingdom","GBR","Political Stability - Governance score (0-100)","GOV_WGI_PV_SC","","","","","","","","","","","","","","","","","","","","","","","","","","","","","","","","","","","","","83.8589518","","84.4851735","","84.6419792","","75.2680581","73.0619917","71.8461951","72.6563122","77.1692761","77.781368","76.9373029","74.3128328","76.0365679","73.2702147","73.8956575","73.7518389","75.180368","75.0691258","73.5786913","73.421614","70.7215323","75.5992994","74.6097896","73.3482195","72.1751474","72.1862761","70.2964669","",
"Georgia","GEO","Political Stability - Governance score (0-100)","GOV_WGI_PV_SC","","","","","","","","","","","","","","","","","","","","","","","","","","","","","","","","","","","","","31.5391475","","30.5829093","","37.97366","","37.5157108","38.3588347","50.4009103","52.6085739","52.0166486","57.4591283","51.9447846","53.1998057","56.3118153","55.2598467","57.3428778","62.0340473","65.4707201","64.3468344","64.8444146","63.9717105","64.2740856","63.5922889","63.7217145","62.4478661","64.1856405","63.8290809","55.4274855","",
"Georgia","GEO","Political Stability - Governance score (0-100)","GOV_WGI_PV_SC","","","","","","","","","","","","","","","","","","","","","","","","","","","","","","","","","","","","","31.5391475","","30.5829093","","37.97366","","37.5157108","38.3588347","50.4009103","52.6085739","52.0166486","57.4591283","51.9447846","53.1998057","56.3118153","55.2598467","57.3428778","62.0340473","65.4707201","64.3468344","64.8444146","63.9717105","64.2740856","63.5922889","63.7217145","62.4478661","64.1856405","63.8290809","55.4274855","",
"Ghana","GHA","Political Stability - Governance score (0-100)","GOV_WGI_PV_SC","","","","","","","","","","","","","","","","","","","","","","","","","","","","","","","","","","","","","55.4823806","","55.5441187","","57.8634601","","61.7634798","62.195974","63.8830417","66.7777067","64.5617534","63.9107839","63.4057066","68.2278355","64.9651713","67.429199","66.4648829","66.4125875","64.3060128","65.5037422","63.7043955","67.0285244","65.3470646","66.1232816","66.9002519","63.1229241","62.6874031","64.7189964","66.090157","",
"Ghana","GHA","Political Stability - Governance score (0-100)","GOV_WGI_PV_SC","","","","","","","","","","","","","","","","","","","","","","","","","","","","","","","","","","","","","55.4823806","","55.5441187","","57.8634601","","61.7634798","62.195974","63.8830417","66.7777067","64.5617534","63.9107839","63.4057066","68.2278355","64.9651713","67.429199","66.4648829","66.4125875","64.3060128","65.5037422","63.7043955","67.0285244","65.3470646","66.1232816","66.9002519","63.1229241","62.6874031","64.7189964","66.090157","",
"Gibraltar","GIB","Political Stability - Governance score (0-100)","GOV_WGI_PV_SC","","","","","","","","","","","","","","","","","","","","","","","","","","","","","","","","","","","","","","","","","","","","","","","","","","","","","","","","","","","","","","","","","","",
"Gibraltar","GIB","Political Stability - Governance score (0-100)","GOV_WGI_PV_SC","","","","","","","","","","","","","","","","","","","","","","","","","","","","","","","","","","","","","","","","","","","","","","","","","","","","","","","","","","","","","","","","","","",
"Guinea","GIN","Political Stability - Governance score (0-100)","GOV_WGI_PV_SC","","","","","","","","","","","","","","","","","","","","","","","","","","","","","","","","","","","","","49.1830588","","54.3700354","","31.2984404","","34.8282865","47.5784679","45.3910767","44.847764","34.5006324","27.5993789","30.9344162","35.091022","37.0132555","39.6116061","40.4892929","41.918524","45.928633","53.1461028","56.0275724","52.2221591","49.9997455","51.2403992","47.3141831","48.5406693","51.9956519","50.9211424","48.1677456","",
"Guinea","GIN","Political Stability - Governance score (0-100)","GOV_WGI_PV_SC","","","","","","","","","","","","","","","","","","","","","","","","","","","","","","","","","","","","","49.1830588","","54.3700354","","31.2984404","","34.8282865","47.5784679","45.3910767","44.847764","34.5006324","27.5993789","30.9344162","35.091022","37.0132555","39.6116061","40.4892929","41.918524","45.928633","53.1461028","56.0275724","52.2221591","49.9997455","51.2403992","47.3141831","48.5406693","51.9956519","50.9211424","48.1677456","",
"Gambia, The","GMB","Political Stability - Governance score (0-100)","GOV_WGI_PV_SC","","","","","","","","","","","","","","","","","","","","","","","","","","","","","","","","","","","","","72.4961312","","74.4247925","","71.2807839","","74.054583","66.1955094","64.2704114","65.1099669","63.3854786","65.5459286","65.6891391","68.4811215","67.1511157","65.5963979","62.1123322","61.7600806","59.9097914","62.2986891","58.2713192","62.5301089","63.9221602","67.0539043","68.2241135","66.2906164","68.1916174","68.2173748","65.5861507","",
"Gambia, The","GMB","Political Stability - Governance score (0-100)","GOV_WGI_PV_SC","","","","","","","","","","","","","","","","","","","","","","","","","","","","","","","","","","","","","72.4961312","","74.4247925","","71.2807839","","74.054583","66.1955094","64.2704114","65.1099669","63.3854786","65.5459286","65.6891391","68.4811215","67.1511157","65.5963979","62.1123322","61.7600806","59.9097914","62.2986891","58.2713192","62.5301089","63.9221602","67.0539043","68.2241135","66.2906164","68.1916174","68.2173748","65.5861507","",
"Guinea-Bissau","GNB","Political Stability - Governance score (0-100)","GOV_WGI_PV_SC","","","","","","","","","","","","","","","","","","","","","","","","","","","","","","","","","","","","","35.445906","","31.8509824","","54.5344082","","56.0219525","57.4516295","57.2227224","57.3203745","58.5207378","59.4385152","55.1791771","57.3191805","56.2390819","54.9913547","48.1502318","49.4816913","50.8371778","55.8577693","57.2092211","55.952263","54.8021913","57.9713799","61.0452634","60.766724","59.7407092","60.4386377","55.3304569","",
"Guinea-Bissau","GNB","Political Stability - Governance score (0-100)","GOV_WGI_PV_SC","","","","","","","","","","","","","","","","","","","","","","","","","","","","","","","","","","","","","35.445906","","31.8509824","","54.5344082","","56.0219525","57.4516295","57.2227224","57.3203745","58.5207378","59.4385152","55.1791771","57.3191805","56.2390819","54.9913547","48.1502318","49.4816913","50.8371778","55.8577693","57.2092211","55.952263","54.8021913","57.9713799","61.0452634","60.766724","59.7407092","60.4386377","55.3304569","",
"Equatorial Guinea","GNQ","Political Stability - Governance score (0-100)","GOV_WGI_PV_SC","","","","","","","","","","","","","","","","","","","","","","","","","","","","","","","","","","","","","62.494217","","62.5023889","","65.8153601","","57.2896806","61.4148273","57.7121991","54.9509686","67.6052778","67.6698565","64.7571567","69.5850849","68.0813489","64.8603518","64.5671495","62.511191","56.3346551","57.1724923","58.9763844","59.1463873","59.3885122","60.0851443","59.3927775","60.4031285","59.9473897","60.9838483","63.4869552","",
"Equatorial Guinea","GNQ","Political Stability - Governance score (0-100)","GOV_WGI_PV_SC","","","","","","","","","","","","","","","","","","","","","","","","","","","","","","","","","","","","","62.494217","","62.5023889","","65.8153601","","57.2896806","61.4148273","57.7121991","54.9509686","67.6052778","67.6698565","64.7571567","69.5850849","68.0813489","64.8603518","64.5671495","62.511191","56.3346551","57.1724923","58.9763844","59.1463873","59.3885122","60.0851443","59.3927775","60.4031285","59.9473897","60.9838483","63.4869552","",
"Greece","GRC","Political Stability - Governance score (0-100)","GOV_WGI_PV_SC","","","","","","","","","","","","","","","","","","","","","","","","","","","","","","","","","","","","","77.0563736","","78.454453","","79.961221","","79.8470595","76.241518","73.9641718","75.4730391","74.6438093","74.8786831","70.8779126","65.8758136","65.7110513","64.5680207","63.1118416","63.2919773","64.6982098","63.8422013","63.2676633","66.0129396","71.8955182","70.6590444","71.0124183","69.7722104","69.9418272","72.4760005","68.2759168","",
"Greece","GRC","Political Stability - Governance score (0-100)","GOV_WGI_PV_SC","","","","","","","","","","","","","","","","","","","","","","","","","","","","","","","","","","","","","77.0563736","","78.454453","","79.961221","","79.8470595","76.241518","73.9641718","75.4730391","74.6438093","74.8786831","70.8779126","65.8758136","65.7110513","64.5680207","63.1118416","63.2919773","64.6982098","63.8422013","63.2676633","66.0129396","71.8955182","70.6590444","71.0124183","69.7722104","69.9418272","72.4760005","68.2759168","",
"Grenada","GRD","Political Stability - Governance score (0-100)","GOV_WGI_PV_SC","","","","","","","","","","","","","","","","","","","","","","","","","","","","","","","","","","","","","77.7021691","","77.7140869","","77.6865907","","77.7153168","77.6470263","76.7645447","71.2996471","71.3421683","71.4123891","71.4037389","71.5055743","73.4588177","71.5396606","72.313903","72.2847652","76.0927766","76.0431255","81.4915548","81.4979723","81.5431104","81.5566579","83.7034631","83.6742656","86.4749221","86.4830939","86.37974","",
"Grenada","GRD","Political Stability - Governance score (0-100)","GOV_WGI_PV_SC","","","","","","","","","","","","","","","","","","","","","","","","","","","","","","","","","","","","","77.7021691","","77.7140869","","77.6865907","","77.7153168","77.6470263","76.7645447","71.2996471","71.3421683","71.4123891","71.4037389","71.5055743","73.4588177","71.5396606","72.313903","72.2847652","76.0927766","76.0431255","81.4915548","81.4979723","81.5431104","81.5566579","83.7034631","83.6742656","86.4749221","86.4830939","86.37974","",
"Greenland","GRL","Political Stability - Governance score (0-100)","GOV_WGI_PV_SC","","","","","","","","","","","","","","","","","","","","","","","","","","","","","","","","","","","","","","","","","","","","","","","","","","91.2626914","90.9601899","95.8521826","95.8365529","95.7887962","95.95376","95.9171303","95.8259231","95.8370978","95.9157057","95.939297","95.9263372","95.8754921","87.2501944","87.2644234","87.084438","",
"Greenland","GRL","Political Stability - Governance score (0-100)","GOV_WGI_PV_SC","","","","","","","","","","","","","","","","","","","","","","","","","","","","","","","","","","","","","","","","","","","","","","","","","","91.2626914","90.9601899","95.8521826","95.8365529","95.7887962","95.95376","95.9171303","95.8259231","95.8370978","95.9157057","95.939297","95.9263372","95.8754921","87.2501944","87.2644234","87.084438","",
"Guatemala","GTM","Political Stability - Governance score (0-100)","GOV_WGI_PV_SC","","","","","","","","","","","","","","","","","","","","","","","","","","","","","","","","","","","","","41.5743537","","44.2731099","","50.2131715","","49.2101143","50.1020421","49.8931273","50.4675832","50.9033246","51.6469157","52.6221145","52.2082581","52.0388513","53.0292715","53.6642168","53.3610765","53.4202728","54.0924081","54.9087497","53.9242978","54.2170508","54.0326157","56.2626186","56.0882035","60.7606088","62.441645","62.3112389","",
"Guatemala","GTM","Political Stability - Governance score (0-100)","GOV_WGI_PV_SC","","","","","","","","","","","","","","","","","","","","","","","","","","","","","","","","","","","","","41.5743537","","44.2731099","","50.2131715","","49.2101143","50.1020421","49.8931273","50.4675832","50.9033246","51.6469157","52.6221145","52.2082581","52.0388513","53.0292715","53.6642168","53.3610765","53.4202728","54.0924081","54.9087497","53.9242978","54.2170508","54.0326157","56.2626186","56.0882035","60.7606088","62.441645","62.3112389","",
"Guam","GUM","Political Stability - Governance score (0-100)","GOV_WGI_PV_SC","","","","","","","","","","","","","","","","","","","","","","","","","","","","","","","","","","","","","","","","","","","","","71.3897389","78.0433194","78.1199851","73.603627","73.5880332","73.771645","73.5925376","79.1026468","79.0912449","79.0564069","79.8609401","79.8342176","77.0309169","79.7758327","81.8976066","82.037867","82.9249658","82.8962772","82.9456584","82.9536885","82.8521298","",
"Guam","GUM","Political Stability - Governance score (0-100)","GOV_WGI_PV_SC","","","","","","","","","","","","","","","","","","","","","","","","","","","","","","","","","","","","","","","","","","","","","71.3897389","78.0433194","78.1199851","73.603627","73.5880332","73.771645","73.5925376","79.1026468","79.0912449","79.0564069","79.8609401","79.8342176","77.0309169","79.7758327","81.8976066","82.037867","82.9249658","82.8962772","82.9456584","82.9536885","82.8521298","",
"Guyana","GUY","Political Stability - Governance score (0-100)","GOV_WGI_PV_SC","","","","","","","","","","","","","","","","","","","","","","","","","","","","","","","","","","","","","57.8253288","","61.3150844","","53.3337835","","54.8791559","58.219731","56.60738","58.3584216","54.568445","58.3043088","57.8097999","59.0600945","59.7631271","58.0202589","57.743209","57.2018709","62.1643167","63.3287027","65.8021475","65.8066075","65.1928502","64.8797001","65.7697557","65.4135855","69.4937085","69.3320619","69.5925307","",
"Guyana","GUY","Political Stability - Governance score (0-100)","GOV_WGI_PV_SC","","","","","","","","","","","","","","","","","","","","","","","","","","","","","","","","","","","","","57.8253288","","61.3150844","","53.3337835","","54.8791559","58.219731","56.60738","58.3584216","54.568445","58.3043088","57.8097999","59.0600945","59.7631271","58.0202589","57.743209","57.2018709","62.1643167","63.3287027","65.8021475","65.8066075","65.1928502","64.8797001","65.7697557","65.4135855","69.4937085","69.3320619","69.5925307","",
"High income","HIC","Political Stability - Governance score (0-100)","GOV_WGI_PV_SC","","","","","","","","","","","","","","","","","","","","","","","","","","","","","","","","","","","","","","","","","","","","","","","","","","","","","","","","","","","","","","","","","","",
"High income","HIC","Political Stability - Governance score (0-100)","GOV_WGI_PV_SC","","","","","","","","","","","","","","","","","","","","","","","","","","","","","","","","","","","","","","","","","","","","","","","","","","","","","","","","","","","","","","","","","","",
"Hong Kong SAR, China","HKG","Political Stability - Governance score (0-100)","GOV_WGI_PV_SC","","","","","","","","","","","","","","","","","","","","","","","","","","","","","","","","","","","","","78.4690988","","80.4370478","","85.6362616","","82.9243594","80.1603327","83.5372301","88.7258038","89.3560175","86.3533762","86.0185786","83.1441398","82.9605707","81.4871887","81.9298737","80.5127705","83.4157082","80.8462512","77.2913173","77.5678958","78.9065466","62.7459691","66.0293653","69.6299189","72.5420431","72.8711475","76.6745657","",
"Hong Kong SAR, China","HKG","Political Stability - Governance score (0-100)","GOV_WGI_PV_SC","","","","","","","","","","","","","","","","","","","","","","","","","","","","","","","","","","","","","78.4690988","","80.4370478","","85.6362616","","82.9243594","80.1603327","83.5372301","88.7258038","89.3560175","86.3533762","86.0185786","83.1441398","82.9605707","81.4871887","81.9298737","80.5127705","83.4157082","80.8462512","77.2913173","77.5678958","78.9065466","62.7459691","66.0293653","69.6299189","72.5420431","72.8711475","76.6745657","",
"Honduras","HND","Political Stability - Governance score (0-100)","GOV_WGI_PV_SC","","","","","","","","","","","","","","","","","","","","","","","","","","","","","","","","","","","","","55.4256168","","61.0954885","","59.6687239","","60.1190581","55.9184893","55.3012132","54.9385161","54.7563767","58.0674366","56.661228","57.0346967","55.1222766","56.9223322","57.1544917","56.7397402","54.1154324","54.6121397","53.8554146","50.4087337","51.1298505","51.7655593","54.5120159","52.1201836","57.7266194","59.9027299","56.2064218","",
"Honduras","HND","Political Stability - Governance score (0-100)","GOV_WGI_PV_SC","","","","","","","","","","","","","","","","","","","","","","","","","","","","","","","","","","","","","55.4256168","","61.0954885","","59.6687239","","60.1190581","55.9184893","55.3012132","54.9385161","54.7563767","58.0674366","56.661228","57.0346967","55.1222766","56.9223322","57.1544917","56.7397402","54.1154324","54.6121397","53.8554146","50.4087337","51.1298505","51.7655593","54.5120159","52.1201836","57.7266194","59.9027299","56.2064218","",
"Heavily indebted poor countries (HIPC)","HPC","Political Stability - Governance score (0-100)","GOV_WGI_PV_SC","","","","","","","","","","","","","","","","","","","","","","","","","","","","","","","","","","","","","","","","","","","","","","","","","","","","","","","","","","","","","","","","","","",
"Heavily indebted poor countries (HIPC)","HPC","Political Stability - Governance score (0-100)","GOV_WGI_PV_SC","","","","","","","","","","","","","","","","","","","","","","","","","","","","","","","","","","","","","","","","","","","","","","","","","","","","","","","","","","","","","","","","","","",
"Croatia","HRV","Political Stability - Governance score (0-100)","GOV_WGI_PV_SC","","","","","","","","","","","","","","","","","","","","","","","","","","","","","","","","","","","","","62.5411795","","66.2379521","","71.7843973","","77.2396984","76.254512","75.9652881","75.3629088","78.1770034","79.1835026","78.5547545","78.593405","77.8383505","77.5649424","77.2554101","77.8226012","76.7087681","76.3380325","76.7489407","76.5731112","79.0287809","78.6648898","76.9588991","76.7657831","78.4001506","77.5653694","75.8257878","",
"Croatia","HRV","Political Stability - Governance score (0-100)","GOV_WGI_PV_SC","","","","","","","","","","","","","","","","","","","","","","","","","","","","","","","","","","","","","62.5411795","","66.2379521","","71.7843973","","77.2396984","76.254512","75.9652881","75.3629088","78.1770034","79.1835026","78.5547545","78.593405","77.8383505","77.5649424","77.2554101","77.8226012","76.7087681","76.3380325","76.7489407","76.5731112","79.0287809","78.6648898","76.9588991","76.7657831","78.4001506","77.5653694","75.8257878","",
"Haiti","HTI","Political Stability - Governance score (0-100)","GOV_WGI_PV_SC","","","","","","","","","","","","","","","","","","","","","","","","","","","","","","","","","","","","","48.7767336","","45.8426152","","48.3636613","","38.9933854","41.2199327","34.0065369","36.0943047","42.172442","43.3471761","42.6360606","43.8534116","43.5388812","44.3493383","46.7528476","50.2577613","50.1409403","50.077887","50.6117229","51.6449222","52.79648","49.6502252","48.1480266","45.1703278","49.7180767","49.2955001","45.3741882","",
"Haiti","HTI","Political Stability - Governance score (0-100)","GOV_WGI_PV_SC","","","","","","","","","","","","","","","","","","","","","","","","","","","","","","","","","","","","","48.7767336","","45.8426152","","48.3636613","","38.9933854","41.2199327","34.0065369","36.0943047","42.172442","43.3471761","42.6360606","43.8534116","43.5388812","44.3493383","46.7528476","50.2577613","50.1409403","50.077887","50.6117229","51.6449222","52.79648","49.6502252","48.1480266","45.1703278","49.7180767","49.2955001","45.3741882","",
"Hungary","HUN","Political Stability - Governance score (0-100)","GOV_WGI_PV_SC","","","","","","","","","","","","","","","","","","","","","","","","","","","","","","","","","","","","","83.6607916","","86.2906082","","83.0470873","","87.0055466","84.45223","79.7547762","83.985067","82.40952","79.2674142","78.9813043","78.5197628","79.1674083","78.1309702","78.0597041","79.7770421","79.6595668","80.3034406","76.6176771","78.4050394","77.1961301","78.4086402","79.4552913","78.4275956","77.3414621","75.8726477","73.3475875","",
"Hungary","HUN","Political Stability - Governance score (0-100)","GOV_WGI_PV_SC","","","","","","","","","","","","","","","","","","","","","","","","","","","","","","","","","","","","","83.6607916","","86.2906082","","83.0470873","","87.0055466","84.45223","79.7547762","83.985067","82.40952","79.2674142","78.9813043","78.5197628","79.1674083","78.1309702","78.0597041","79.7770421","79.6595668","80.3034406","76.6176771","78.4050394","77.1961301","78.4086402","79.4552913","78.4275956","77.3414621","75.8726477","73.3475875","",
"IBRD only","IBD","Political Stability - Governance score (0-100)","GOV_WGI_PV_SC","","","","","","","","","","","","","","","","","","","","","","","","","","","","","","","","","","","","","","","","","","","","","","","","","","","","","","","","","","","","","","","","","","",
"IBRD only","IBD","Political Stability - Governance score (0-100)","GOV_WGI_PV_SC","","","","","","","","","","","","","","","","","","","","","","","","","","","","","","","","","","","","","","","","","","","","","","","","","","","","","","","","","","","","","","","","","","",
"IDA & IBRD total","IBT","Political Stability - Governance score (0-100)","GOV_WGI_PV_SC","","","","","","","","","","","","","","","","","","","","","","","","","","","","","","","","","","","","","","","","","","","","","","","","","","","","","","","","","","","","","","","","","","",
"IDA & IBRD total","IBT","Political Stability - Governance score (0-100)","GOV_WGI_PV_SC","","","","","","","","","","","","","","","","","","","","","","","","","","","","","","","","","","","","","","","","","","","","","","","","","","","","","","","","","","","","","","","","","","",
"IDA total","IDA","Political Stability - Governance score (0-100)","GOV_WGI_PV_SC","","","","","","","","","","","","","","","","","","","","","","","","","","","","","","","","","","","","","","","","","","","","","","","","","","","","","","","","","","","","","","","","","","",
"IDA total","IDA","Political Stability - Governance score (0-100)","GOV_WGI_PV_SC","","","","","","","","","","","","","","","","","","","","","","","","","","","","","","","","","","","","","","","","","","","","","","","","","","","","","","","","","","","","","","","","","","",
"IDA blend","IDB","Political Stability - Governance score (0-100)","GOV_WGI_PV_SC","","","","","","","","","","","","","","","","","","","","","","","","","","","","","","","","","","","","","","","","","","","","","","","","","","","","","","","","","","","","","","","","","","",
"IDA blend","IDB","Political Stability - Governance score (0-100)","GOV_WGI_PV_SC","","","","","","","","","","","","","","","","","","","","","","","","","","","","","","","","","","","","","","","","","","","","","","","","","","","","","","","","","","","","","","","","","","",
"Indonesia","IDN","Political Stability - Governance score (0-100)","GOV_WGI_PV_SC","","","","","","","","","","","","","","","","","","","","","","","","","","","","","","","","","","","","","43.8598394","","36.9634063","","33.3504821","","34.390837","29.5633171","37.5932613","41.9188469","46.7110352","51.1438591","53.7444901","55.0119704","52.5971412","53.0645723","55.6578565","55.3369189","59.3178371","56.6870383","57.9790701","55.9594851","56.6224801","55.9824787","56.6712515","54.7968926","52.8702435","55.4106465","55.4895207","",
"Indonesia","IDN","Political Stability - Governance score (0-100)","GOV_WGI_PV_SC","","","","","","","","","","","","","","","","","","","","","","","","","","","","","","","","","","","","","43.8598394","","36.9634063","","33.3504821","","34.390837","29.5633171","37.5932613","41.9188469","46.7110352","51.1438591","53.7444901","55.0119704","52.5971412","53.0645723","55.6578565","55.3369189","59.3178371","56.6870383","57.9790701","55.9594851","56.6224801","55.9824787","56.6712515","54.7968926","52.8702435","55.4106465","55.4895207","",
"IDA only","IDX","Political Stability - Governance score (0-100)","GOV_WGI_PV_SC","","","","","","","","","","","","","","","","","","","","","","","","","","","","","","","","","","","","","","","","","","","","","","","","","","","","","","","","","","","","","","","","","","",
"IDA only","IDX","Political Stability - Governance score (0-100)","GOV_WGI_PV_SC","","","","","","","","","","","","","","","","","","","","","","","","","","","","","","","","","","","","","","","","","","","","","","","","","","","","","","","","","","","","","","","","","","",
"Isle of Man","IMN","Political Stability - Governance score (0-100)","GOV_WGI_PV_SC","","","","","","","","","","","","","","","","","","","","","","","","","","","","","","","","","","","","","","","","","","","","","","","","","","","","","","","","","","","","","","","","","","",
"Isle of Man","IMN","Political Stability - Governance score (0-100)","GOV_WGI_PV_SC","","","","","","","","","","","","","","","","","","","","","","","","","","","","","","","","","","","","","","","","","","","","","","","","","","","","","","","","","","","","","","","","","","",
"India","IND","Political Stability - Governance score (0-100)","GOV_WGI_PV_SC","","","","","","","","","","","","","","","","","","","","","","","","","","","","","","","","","","","","","49.3996415","","47.8579673","","49.2672472","","44.0660177","41.6226912","48.2325224","51.2701946","51.8931999","51.9131495","52.7525667","50.2825809","49.7980733","45.9788905","46.1265951","45.8934808","51.9299014","52.8796025","53.3186065","56.121815","54.3030106","55.8082856","53.5848591","55.618123","53.0233442","51.5804563","52.4723123","",
"India","IND","Political Stability - Governance score (0-100)","GOV_WGI_PV_SC","","","","","","","","","","","","","","","","","","","","","","","","","","","","","","","","","","","","","49.3996415","","47.8579673","","49.2672472","","44.0660177","41.6226912","48.2325224","51.2701946","51.8931999","51.9131495","52.7525667","50.2825809","49.7980733","45.9788905","46.1265951","45.8934808","51.9299014","52.8796025","53.3186065","56.121815","54.3030106","55.8082856","53.5848591","55.618123","53.0233442","51.5804563","52.4723123","",
"Not classified","INX","Political Stability - Governance score (0-100)","GOV_WGI_PV_SC","","","","","","","","","","","","","","","","","","","","","","","","","","","","","","","","","","","","","","","","","","","","","","","","","","","","","","","","","","","","","","","","","","",
"Not classified","INX","Political Stability - Governance score (0-100)","GOV_WGI_PV_SC","","","","","","","","","","","","","","","","","","","","","","","","","","","","","","","","","","","","","","","","","","","","","","","","","","","","","","","","","","","","","","","","","","",
"Ireland","IRL","Political Stability - Governance score (0-100)","GOV_WGI_PV_SC","","","","","","","","","","","","","","","","","","","","","","","","","","","","","","","","","","","","","89.6978596","","91.5032755","","91.8338096","","90.4017821","89.1949602","83.9944943","87.770816","88.1150529","89.1535801","88.0639618","84.8685239","84.3643554","80.8200548","82.0433844","81.1790503","85.8453899","82.1508669","81.0232285","81.9818889","82.7292175","81.9665496","80.9019235","78.4715124","79.6512293","80.8689441","78.0218154","",
"Ireland","IRL","Political Stability - Governance score (0-100)","GOV_WGI_PV_SC","","","","","","","","","","","","","","","","","","","","","","","","","","","","","","","","","","","","","89.6978596","","91.5032755","","91.8338096","","90.4017821","89.1949602","83.9944943","87.770816","88.1150529","89.1535801","88.0639618","84.8685239","84.3643554","80.8200548","82.0433844","81.1790503","85.8453899","82.1508669","81.0232285","81.9818889","82.7292175","81.9665496","80.9019235","78.4715124","79.6512293","80.8689441","78.0218154","",
"Iran, Islamic Rep.","IRN","Political Stability - Governance score (0-100)","GOV_WGI_PV_SC","","","","","","","","","","","","","","","","","","","","","","","","","","","","","","","","","","","","","62.3500944","","55.5338953","","55.2799705","","56.898008","55.4077306","54.57709","54.9187425","52.4371498","53.6829348","53.1169462","44.1835682","39.8485723","42.7240462","44.3202176","45.7232421","53.4829674","52.4051184","54.8787562","53.9467875","49.3491312","44.4465189","45.0322128","46.1177041","46.3386888","44.2108184","38.8851649","",
"Iran, Islamic Rep.","IRN","Political Stability - Governance score (0-100)","GOV_WGI_PV_SC","","","","","","","","","","","","","","","","","","","","","","","","","","","","","","","","","","","","","62.3500944","","55.5338953","","55.2799705","","56.898008","55.4077306","54.57709","54.9187425","52.4371498","53.6829348","53.1169462","44.1835682","39.8485723","42.7240462","44.3202176","45.7232421","53.4829674","52.4051184","54.8787562","53.9467875","49.3491312","44.4465189","45.0322128","46.1177041","46.3386888","44.2108184","38.8851649","",
"Iraq","IRQ","Political Stability - Governance score (0-100)","GOV_WGI_PV_SC","","","","","","","","","","","","","","","","","","","","","","","","","","","","","","","","","","","","","40.9564746","","42.6408793","","42.681964","","43.2192264","23.6430599","17.3429113","21.3527572","20.3137757","21.6084653","26.9424803","29.8261312","28.5250786","33.2149857","32.1338725","29.9553193","27.3954194","27.5477532","27.8165031","28.8661777","28.7944333","27.926688","28.6313211","28.7885726","27.8121934","27.893044","30.6332522","",
"Iraq","IRQ","Political Stability - Governance score (0-100)","GOV_WGI_PV_SC","","","","","","","","","","","","","","","","","","","","","","","","","","","","","","","","","","","","","40.9564746","","42.6408793","","42.681964","","43.2192264","23.6430599","17.3429113","21.3527572","20.3137757","21.6084653","26.9424803","29.8261312","28.5250786","33.2149857","32.1338725","29.9553193","27.3954194","27.5477532","27.8165031","28.8661777","28.7944333","27.926688","28.6313211","28.7885726","27.8121934","27.893044","30.6332522","",
"Iceland","ISL","Political Stability - Governance score (0-100)","GOV_WGI_PV_SC","","","","","","","","","","","","","","","","","","","","","","","","","","","","","","","","","","","","","91.2341207","","91.2437325","","92.4829565","","92.1459997","90.3812569","86.3989294","89.2439212","89.4505881","91.2258088","89.0641528","88.7884796","84.4570606","86.9272685","86.9333837","87.3115669","87.6339138","87.4562907","86.744111","87.2524987","88.0295612","92.4804694","88.5944668","88.7538245","87.5416868","86.4918414","86.4880288","",
"Iceland","ISL","Political Stability - Governance score (0-100)","GOV_WGI_PV_SC","","","","","","","","","","","","","","","","","","","","","","","","","","","","","","","","","","","","","91.2341207","","91.2437325","","92.4829565","","92.1459997","90.3812569","86.3989294","89.2439212","89.4505881","91.2258088","89.0641528","88.7884796","84.4570606","86.9272685","86.9333837","87.3115669","87.6339138","87.4562907","86.744111","87.2524987","88.0295612","92.4804694","88.5944668","88.7538245","87.5416868","86.4918414","86.4880288","",
"Israel","ISR","Political Stability - Governance score (0-100)","GOV_WGI_PV_SC","","","","","","","","","","","","","","","","","","","","","","","","","","","","","","","","","","","","","49.1880432","","50.6946916","","51.1206145","","45.809675","45.6945416","49.7469498","50.1202698","49.0738493","51.7714012","51.7514311","48.0003834","52.9762946","52.0620635","52.6229464","50.7683953","55.7743479","55.45086","59.8364088","58.2051536","60.0064425","58.4448733","56.1947534","53.9389948","50.4355996","48.0899696","48.1722073","",
"Israel","ISR","Political Stability - Governance score (0-100)","GOV_WGI_PV_SC","","","","","","","","","","","","","","","","","","","","","","","","","","","","","","","","","","","","","49.1880432","","50.6946916","","51.1206145","","45.809675","45.6945416","49.7469498","50.1202698","49.0738493","51.7714012","51.7514311","48.0003834","52.9762946","52.0620635","52.6229464","50.7683953","55.7743479","55.45086","59.8364088","58.2051536","60.0064425","58.4448733","56.1947534","53.9389948","50.4355996","48.0899696","48.1722073","",
"Italy","ITA","Political Stability - Governance score (0-100)","GOV_WGI_PV_SC","","","","","","","","","","","","","","","","","","","","","","","","","","","","","","","","","","","","","85.0536407","","87.7001152","","84.3107465","","80.0121481","74.2364422","72.1439718","76.0925255","75.8240079","74.5629041","76.1634124","74.1238318","75.4447263","73.506197","73.954811","72.4331752","74.2540636","72.6352882","71.9044211","70.2390966","72.2549458","71.4003499","71.5703375","73.3970182","72.9400137","73.9866119","71.1675431","",
"Italy","ITA","Political Stability - Governance score (0-100)","GOV_WGI_PV_SC","","","","","","","","","","","","","","","","","","","","","","","","","","","","","","","","","","","","","85.0536407","","87.7001152","","84.3107465","","80.0121481","74.2364422","72.1439718","76.0925255","75.8240079","74.5629041","76.1634124","74.1238318","75.4447263","73.506197","73.954811","72.4331752","74.2540636","72.6352882","71.9044211","70.2390966","72.2549458","71.4003499","71.5703375","73.3970182","72.9400137","73.9866119","71.1675431","",
"Jamaica","JAM","Political Stability - Governance score (0-100)","GOV_WGI_PV_SC","","","","","","","","","","","","","","","","","","","","","","","","","","","","","","","","","","","","","60.0347125","","60.1844516","","60.682563","","57.8440417","55.4171682","60.0840596","60.306298","59.9188566","62.0854799","60.9671647","59.834043","58.8545772","63.838322","66.7111278","68.0714364","66.4905855","66.9316769","67.5349802","68.1002514","68.7885972","68.9525634","68.499749","68.3253356","73.6244016","74.0301443","74.0392932","",
"Jamaica","JAM","Political Stability - Governance score (0-100)","GOV_WGI_PV_SC","","","","","","","","","","","","","","","","","","","","","","","","","","","","","","","","","","","","","60.0347125","","60.1844516","","60.682563","","57.8440417","55.4171682","60.0840596","60.306298","59.9188566","62.0854799","60.9671647","59.834043","58.8545772","63.838322","66.7111278","68.0714364","66.4905855","66.9316769","67.5349802","68.1002514","68.7885972","68.9525634","68.499749","68.3253356","73.6244016","74.0301443","74.0392932","",
"Jordan","JOR","Political Stability - Governance score (0-100)","GOV_WGI_PV_SC","","","","","","","","","","","","","","","","","","","","","","","","","","","","","","","","","","","","","61.6332975","","61.4653752","","61.9299605","","55.3208587","59.9523058","60.0976155","61.1623356","53.2818059","60.9531919","59.3917389","58.5195233","58.9297978","55.0657724","55.6866151","54.1726541","55.481518","54.9548496","56.7031633","58.3040185","60.3867267","61.0324608","60.3256959","59.2156857","60.5741204","60.7571481","59.9129515","",
"Jordan","JOR","Political Stability - Governance score (0-100)","GOV_WGI_PV_SC","","","","","","","","","","","","","","","","","","","","","","","","","","","","","","","","","","","","","61.6332975","","61.4653752","","61.9299605","","55.3208587","59.9523058","60.0976155","61.1623356","53.2818059","60.9531919","59.3917389","58.5195233","58.9297978","55.0657724","55.6866151","54.1726541","55.481518","54.9548496","56.7031633","58.3040185","60.3867267","61.0324608","60.3256959","59.2156857","60.5741204","60.7571481","59.9129515","",
"Japan","JPN","Political Stability - Governance score (0-100)","GOV_WGI_PV_SC","","","","","","","","","","","","","","","","","","","","","","","","","","","","","","","","","","","","","88.4939143","","89.1967504","","88.658311","","85.7507971","85.1870206","82.8497418","86.1929732","86.9745076","85.7275183","83.9888027","84.9580179","82.921189","82.8004153","82.387015","83.7939427","86.5722411","86.7789985","85.0237906","85.8692068","85.330928","84.9598388","85.2401102","85.7099533","87.6884434","87.5440509","85.270442","",
"Japan","JPN","Political Stability - Governance score (0-100)","GOV_WGI_PV_SC","","","","","","","","","","","","","","","","","","","","","","","","","","","","","","","","","","","","","88.4939143","","89.1967504","","88.658311","","85.7507971","85.1870206","82.8497418","86.1929732","86.9745076","85.7275183","83.9888027","84.9580179","82.921189","82.8004153","82.387015","83.7939427","86.5722411","86.7789985","85.0237906","85.8692068","85.330928","84.9598388","85.2401102","85.7099533","87.6884434","87.5440509","85.270442","",
"Kazakhstan","KAZ","Political Stability - Governance score (0-100)","GOV_WGI_PV_SC","","","","","","","","","","","","","","","","","","","","","","","","","","","","","","","","","","","","","59.8694976","","67.0351965","","67.4532601","","70.1423874","71.9065666","64.3798839","67.341157","67.4998263","74.5294856","73.9582496","77.8446279","73.2939803","58.5408993","59.1921916","58.1833165","66.3999625","66.4788419","64.4158014","64.9310816","64.0387063","62.1182664","61.0381062","61.9220603","55.9945571","62.442125","61.0644717","",
"Kazakhstan","KAZ","Political Stability - Governance score (0-100)","GOV_WGI_PV_SC","","","","","","","","","","","","","","","","","","","","","","","","","","","","","","","","","","","","","59.8694976","","67.0351965","","67.4532601","","70.1423874","71.9065666","64.3798839","67.341157","67.4998263","74.5294856","73.9582496","77.8446279","73.2939803","58.5408993","59.1921916","58.1833165","66.3999625","66.4788419","64.4158014","64.9310816","64.0387063","62.1182664","61.0381062","61.9220603","55.9945571","62.442125","61.0644717","",
"Kenya","KEN","Political Stability - Governance score (0-100)","GOV_WGI_PV_SC","","","","","","","","","","","","","","","","","","","","","","","","","","","","","","","","","","","","","45.5463058","","43.7734526","","42.876643","","44.8320916","44.8823423","49.8096085","47.154682","48.1822564","41.3008021","38.2019726","39.3924252","42.275058","40.3344157","40.3888599","45.9646649","44.3174879","44.8701358","45.7526771","46.5544465","46.7693279","47.5288168","47.9541846","46.9300692","49.4578625","49.2970221","42.7371819","",
"Kenya","KEN","Political Stability - Governance score (0-100)","GOV_WGI_PV_SC","","","","","","","","","","","","","","","","","","","","","","","","","","","","","","","","","","","","","45.5463058","","43.7734526","","42.876643","","44.8320916","44.8823423","49.8096085","47.154682","48.1822564","41.3008021","38.2019726","39.3924252","42.275058","40.3344157","40.3888599","45.9646649","44.3174879","44.8701358","45.7526771","46.5544465","46.7693279","47.5288168","47.9541846","46.9300692","49.4578625","49.2970221","42.7371819","",
"Kyrgyz Republic","KGZ","Political Stability - Governance score (0-100)","GOV_WGI_PV_SC","","","","","","","","","","","","","","","","","","","","","","","","","","","","","","","","","","","","","57.5685719","","57.0957327","","55.1343259","","51.983372","46.812874","46.7434629","44.6393241","44.1980312","51.1017649","56.9883458","55.971584","49.9325994","48.8626592","50.9318013","51.9499159","53.8240681","53.4358512","56.4457146","60.811992","60.363986","62.3615904","57.2370436","59.2727382","58.67781","57.1884601","57.2762971","",
"Kyrgyz Republic","KGZ","Political Stability - Governance score (0-100)","GOV_WGI_PV_SC","","","","","","","","","","","","","","","","","","","","","","","","","","","","","","","","","","","","","57.5685719","","57.0957327","","55.1343259","","51.983372","46.812874","46.7434629","44.6393241","44.1980312","51.1017649","56.9883458","55.971584","49.9325994","48.8626592","50.9318013","51.9499159","53.8240681","53.4358512","56.4457146","60.811992","60.363986","62.3615904","57.2370436","59.2727382","58.67781","57.1884601","57.2762971","",
"Cambodia","KHM","Political Stability - Governance score (0-100)","GOV_WGI_PV_SC","","","","","","","","","","","","","","","","","","","","","","","","","","","","","","","","","","","","","43.4761491","","42.6150895","","48.7960786","","49.9381919","49.3374987","53.1828317","54.6225732","56.6047938","55.6784825","58.0338337","55.9447642","59.2765098","60.3667857","59.4519174","59.5617435","61.4052155","63.1866709","64.5644489","63.2663412","64.0932632","62.5885672","61.7916098","63.3545387","64.6317965","68.1942975","68.0880671","",
"Cambodia","KHM","Political Stability - Governance score (0-100)","GOV_WGI_PV_SC","","","","","","","","","","","","","","","","","","","","","","","","","","","","","","","","","","","","","43.4761491","","42.6150895","","48.7960786","","49.9381919","49.3374987","53.1828317","54.6225732","56.6047938","55.6784825","58.0338337","55.9447642","59.2765098","60.3667857","59.4519174","59.5617435","61.4052155","63.1866709","64.5644489","63.2663412","64.0932632","62.5885672","61.7916098","63.3545387","64.6317965","68.1942975","68.0880671","",
"Kiribati","KIR","Political Stability - Governance score (0-100)","GOV_WGI_PV_SC","","","","","","","","","","","","","","","","","","","","","","","","","","","","","","","","","","","","","","","","","","","","82.1460909","79.9771855","88.5192565","88.5784579","88.6762245","88.6641837","92.4880861","92.3887498","92.2984086","92.2888719","92.2597341","87.7824315","82.2232229","82.1457425","82.1552364","82.2220118","84.6713442","85.9646041","85.7896595","87.1254492","87.1324236","87.0442125","",
"Kiribati","KIR","Political Stability - Governance score (0-100)","GOV_WGI_PV_SC","","","","","","","","","","","","","","","","","","","","","","","","","","","","","","","","","","","","","","","","","","","","82.1460909","79.9771855","88.5192565","88.5784579","88.6762245","88.6641837","92.4880861","92.3887498","92.2984086","92.2888719","92.2597341","87.7824315","82.2232229","82.1457425","82.1552364","82.2220118","84.6713442","85.9646041","85.7896595","87.1254492","87.1324236","87.0442125","",
"St. Kitts and Nevis","KNA","Political Stability - Governance score (0-100)","GOV_WGI_PV_SC","","","","","","","","","","","","","","","","","","","","","","","","","","","","","","","","","","","","","","","","","","","","82.1460909","85.9387904","87.131959","87.1744802","79.3097954","81.3912243","88.6254375","83.9688224","81.7884039","81.7788673","81.7497295","77.3596506","77.2354315","77.1830576","77.1894751","77.2346133","77.2481607","81.5492154","81.5200195","81.5702736","81.5784454","81.4750915","",
"St. Kitts and Nevis","KNA","Political Stability - Governance score (0-100)","GOV_WGI_PV_SC","","","","","","","","","","","","","","","","","","","","","","","","","","","","","","","","","","","","","","","","","","","","82.1460909","85.9387904","87.131959","87.1744802","79.3097954","81.3912243","88.6254375","83.9688224","81.7884039","81.7788673","81.7497295","77.3596506","77.2354315","77.1830576","77.1894751","77.2346133","77.2481607","81.5492154","81.5200195","81.5702736","81.5784454","81.4750915","",
"Korea, Rep.","KOR","Political Stability - Governance score (0-100)","GOV_WGI_PV_SC","","","","","","","","","","","","","","","","","","","","","","","","","","","","","","","","","","","","","77.1224486","","74.8258377","","73.2806737","","72.5339225","71.6331448","74.8219568","77.1361173","76.2998534","78.7172705","76.0167037","76.6716225","75.8143414","75.1302694","74.4220663","74.5398678","76.0907575","77.2995045","74.7023463","76.5785261","80.7641604","80.490315","80.7211746","81.2769586","80.5106575","81.8173145","76.8155059","",
"Korea, Rep.","KOR","Political Stability - Governance score (0-100)","GOV_WGI_PV_SC","","","","","","","","","","","","","","","","","","","","","","","","","","","","","","","","","","","","","77.1224486","","74.8258377","","73.2806737","","72.5339225","71.6331448","74.8219568","77.1361173","76.2998534","78.7172705","76.0167037","76.6716225","75.8143414","75.1302694","74.4220663","74.5398678","76.0907575","77.2995045","74.7023463","76.5785261","80.7641604","80.490315","80.7211746","81.2769586","80.5106575","81.8173145","76.8155059","",
"Kuwait","KWT","Political Stability - Governance score (0-100)","GOV_WGI_PV_SC","","","","","","","","","","","","","","","","","","","","","","","","","","","","","","","","","","","","","71.5401355","","72.0968812","","77.1093334","","69.1557217","70.2216256","69.1019847","70.5313799","72.7599036","77.3887525","75.8356814","74.910957","75.7466504","71.4738418","67.5542363","67.7647499","67.3560214","63.3898139","65.5303963","65.9260745","69.9272242","70.0978967","68.5489184","68.5286289","67.6737221","70.859994","70.9153025","",
"Kuwait","KWT","Political Stability - Governance score (0-100)","GOV_WGI_PV_SC","","","","","","","","","","","","","","","","","","","","","","","","","","","","","","","","","","","","","71.5401355","","72.0968812","","77.1093334","","69.1557217","70.2216256","69.1019847","70.5313799","72.7599036","77.3887525","75.8356814","74.910957","75.7466504","71.4738418","67.5542363","67.7647499","67.3560214","63.3898139","65.5303963","65.9260745","69.9272242","70.0978967","68.5489184","68.5286289","67.6737221","70.859994","70.9153025","",
"Latin America & Caribbean (excluding high income)","LAC","Political Stability - Governance score (0-100)","GOV_WGI_PV_SC","","","","","","","","","","","","","","","","","","","","","","","","","","","","","","","","","","","","","","","","","","","","","","","","","","","","","","","","","","","","","","","","","","",
"Latin America & Caribbean (excluding high income)","LAC","Political Stability - Governance score (0-100)","GOV_WGI_PV_SC","","","","","","","","","","","","","","","","","","","","","","","","","","","","","","","","","","","","","","","","","","","","","","","","","","","","","","","","","","","","","","","","","","",
"Lao PDR","LAO","Political Stability - Governance score (0-100)","GOV_WGI_PV_SC","","","","","","","","","","","","","","","","","","","","","","","","","","","","","","","","","","","","","66.5079627","","61.2319739","","55.6142181","","64.5284016","48.6545114","57.1151186","59.4028966","64.3511681","63.2754748","66.1155043","64.7809872","62.1358365","64.6575488","64.6506973","65.0309816","72.3383467","72.806263","71.7909771","70.6372551","70.4235369","72.0130362","75.2150591","75.8544353","77.9079699","78.4973142","75.4201168","",
"Lao PDR","LAO","Political Stability - Governance score (0-100)","GOV_WGI_PV_SC","","","","","","","","","","","","","","","","","","","","","","","","","","","","","","","","","","","","","66.5079627","","61.2319739","","55.6142181","","64.5284016","48.6545114","57.1151186","59.4028966","64.3511681","63.2754748","66.1155043","64.7809872","62.1358365","64.6575488","64.6506973","65.0309816","72.3383467","72.806263","71.7909771","70.6372551","70.4235369","72.0130362","75.2150591","75.8544353","77.9079699","78.4973142","75.4201168","",
"Lebanon","LBN","Political Stability - Governance score (0-100)","GOV_WGI_PV_SC","","","","","","","","","","","","","","","","","","","","","","","","","","","","","","","","","","","","","53.7431833","","52.2517205","","54.8259945","","57.8120342","56.1593262","52.4130477","48.9048098","40.1225475","34.6670191","40.1876147","43.6107726","41.404578","41.0172578","38.9185167","38.3838302","40.361092","42.0605422","43.1183886","43.0161211","45.1470729","43.00695","42.8470593","43.2923323","42.9610568","44.0912695","42.1564246","",
"Lebanon","LBN","Political Stability - Governance score (0-100)","GOV_WGI_PV_SC","","","","","","","","","","","","","","","","","","","","","","","","","","","","","","","","","","","","","53.7431833","","52.2517205","","54.8259945","","57.8120342","56.1593262","52.4130477","48.9048098","40.1225475","34.6670191","40.1876147","43.6107726","41.404578","41.0172578","38.9185167","38.3838302","40.361092","42.0605422","43.1183886","43.0161211","45.1470729","43.00695","42.8470593","43.2923323","42.9610568","44.0912695","42.1564246","",
"Liberia","LBR","Political Stability - Governance score (0-100)","GOV_WGI_PV_SC","","","","","","","","","","","","","","","","","","","","","","","","","","","","","","","","","","","","","21.7827489","","31.842732","","33.4628705","","33.3288671","30.6135861","40.8665947","43.210332","44.7745335","46.0590288","46.0642028","48.2007745","59.1787177","57.811602","59.2714229","59.6657585","57.1757224","55.8986285","58.1540898","61.2793685","65.5773981","61.5011116","62.1346886","62.3012684","61.0979243","62.9213749","61.9904106","",
"Liberia","LBR","Political Stability - Governance score (0-100)","GOV_WGI_PV_SC","","","","","","","","","","","","","","","","","","","","","","","","","","","","","","","","","","","","","21.7827489","","31.842732","","33.4628705","","33.3288671","30.6135861","40.8665947","43.210332","44.7745335","46.0590288","46.0642028","48.2007745","59.1787177","57.811602","59.2714229","59.6657585","57.1757224","55.8986285","58.1540898","61.2793685","65.5773981","61.5011116","62.1346886","62.3012684","61.0979243","62.9213749","61.9904106","",
"Libya","LBY","Political Stability - Governance score (0-100)","GOV_WGI_PV_SC","","","","","","","","","","","","","","","","","","","","","","","","","","","","","","","","","","","","","51.4563875","","54.9136283","","59.9294079","","61.6683268","64.018579","65.6983682","69.9596963","69.252214","74.4332991","74.7055542","74.8232345","57.7159861","37.9809248","38.9983835","33.3839125","27.1999666","28.1427275","27.3300687","26.7038179","26.8814768","27.3077464","27.9189568","28.1965038","31.6633359","31.0158937","33.4995362","",
"Libya","LBY","Political Stability - Governance score (0-100)","GOV_WGI_PV_SC","","","","","","","","","","","","","","","","","","","","","","","","","","","","","","","","","","","","","51.4563875","","54.9136283","","59.9294079","","61.6683268","64.018579","65.6983682","69.9596963","69.252214","74.4332991","74.7055542","74.8232345","57.7159861","37.9809248","38.9983835","33.3839125","27.1999666","28.1427275","27.3300687","26.7038179","26.8814768","27.3077464","27.9189568","28.1965038","31.6633359","31.0158937","33.4995362","",
"St. Lucia","LCA","Political Stability - Governance score (0-100)","GOV_WGI_PV_SC","","","","","","","","","","","","","","","","","","","","","","","","","","","","","","","","","","","","","82.3012517","","70.052446","","82.2574186","","70.055905","82.1460909","84.2117227","83.2130658","81.6880273","75.9134198","75.9047714","81.851435","80.0499275","79.9595863","79.9500514","79.9209118","78.8024889","78.5933452","81.4915548","80.7016349","80.7467731","80.7603205","80.752878","80.7236822","83.7245213","83.7326915","83.6293392","",
"St. Lucia","LCA","Political Stability - Governance score (0-100)","GOV_WGI_PV_SC","","","","","","","","","","","","","","","","","","","","","","","","","","","","","","","","","","","","","82.3012517","","70.052446","","82.2574186","","70.055905","82.1460909","84.2117227","83.2130658","81.6880273","75.9134198","75.9047714","81.851435","80.0499275","79.9595863","79.9500514","79.9209118","78.8024889","78.5933452","81.4915548","80.7016349","80.7467731","80.7603205","80.752878","80.7236822","83.7245213","83.7326915","83.6293392","",
"Latin America & Caribbean","LCN","Political Stability - Governance score (0-100)","GOV_WGI_PV_SC","","","","","","","","","","","","","","","","","","","","","","","","","","","","","","","","","","","","","","","","","","","","","","","","","","","","","","","","","","","","","","","","","","",
"Latin America & Caribbean","LCN","Political Stability - Governance score (0-100)","GOV_WGI_PV_SC","","","","","","","","","","","","","","","","","","","","","","","","","","","","","","","","","","","","","","","","","","","","","","","","","","","","","","","","","","","","","","","","","","",
"Least developed countries: UN classification","LDC","Political Stability - Governance score (0-100)","GOV_WGI_PV_SC","","","","","","","","","","","","","","","","","","","","","","","","","","","","","","","","","","","","","","","","","","","","","","","","","","","","","","","","","","","","","","","","","","",
"Least developed countries: UN classification","LDC","Political Stability - Governance score (0-100)","GOV_WGI_PV_SC","","","","","","","","","","","","","","","","","","","","","","","","","","","","","","","","","","","","","","","","","","","","","","","","","","","","","","","","","","","","","","","","","","",
"Low income","LIC","Political Stability - Governance score (0-100)","GOV_WGI_PV_SC","","","","","","","","","","","","","","","","","","","","","","","","","","","","","","","","","","","","","","","","","","","","","","","","","","","","","","","","","","","","","","","","","","",
"Low income","LIC","Political Stability - Governance score (0-100)","GOV_WGI_PV_SC","","","","","","","","","","","","","","","","","","","","","","","","","","","","","","","","","","","","","","","","","","","","","","","","","","","","","","","","","","","","","","","","","","",
"Liechtenstein","LIE","Political Stability - Governance score (0-100)","GOV_WGI_PV_SC","","","","","","","","","","","","","","","","","","","","","","","","","","","","","","","","","","","","","87.2499382","","87.2653731","","87.2297648","","87.2669651","88.4028693","85.4818525","88.5192565","88.5784579","88.6762245","88.6641837","94.0717093","93.9913882","93.9183422","93.9106315","93.8870709","93.9684545","91.6125174","91.5542453","91.5613854","91.611607","93.9613195","93.9549258","92.9621278","93.0053033","93.0123238","92.9235285","",
"Liechtenstein","LIE","Political Stability - Governance score (0-100)","GOV_WGI_PV_SC","","","","","","","","","","","","","","","","","","","","","","","","","","","","","","","","","","","","","87.2499382","","87.2653731","","87.2297648","","87.2669651","88.4028693","85.4818525","88.5192565","88.5784579","88.6762245","88.6641837","94.0717093","93.9913882","93.9183422","93.9106315","93.8870709","93.9684545","91.6125174","91.5542453","91.5613854","91.611607","93.9613195","93.9549258","92.9621278","93.0053033","93.0123238","92.9235285","",
"Sri Lanka","LKA","Political Stability - Governance score (0-100)","GOV_WGI_PV_SC","","","","","","","","","","","","","","","","","","","","","","","","","","","","","","","","","","","","","33.5837997","","37.4527514","","32.2808767","","47.984764","47.457537","46.0752034","45.6202401","41.032182","36.9919565","37.5436631","46.7674745","52.5874166","52.7855342","49.4846242","51.2288469","56.4380535","64.381054","63.4408998","62.8347148","61.4578661","62.9256436","63.9229409","57.1667545","52.8761657","54.449499","59.9106677","",
"Sri Lanka","LKA","Political Stability - Governance score (0-100)","GOV_WGI_PV_SC","","","","","","","","","","","","","","","","","","","","","","","","","","","","","","","","","","","","","33.5837997","","37.4527514","","32.2808767","","47.984764","47.457537","46.0752034","45.6202401","41.032182","36.9919565","37.5436631","46.7674745","52.5874166","52.7855342","49.4846242","51.2288469","56.4380535","64.381054","63.4408998","62.8347148","61.4578661","62.9256436","63.9229409","57.1667545","52.8761657","54.449499","59.9106677","",
"Lower middle income","LMC","Political Stability - Governance score (0-100)","GOV_WGI_PV_SC","","","","","","","","","","","","","","","","","","","","","","","","","","","","","","","","","","","","","","","","","","","","","","","","","","","","","","","","","","","","","","","","","","",
"Lower middle income","LMC","Political Stability - Governance score (0-100)","GOV_WGI_PV_SC","","","","","","","","","","","","","","","","","","","","","","","","","","","","","","","","","","","","","","","","","","","","","","","","","","","","","","","","","","","","","","","","","","",
"Low & middle income","LMY","Political Stability - Governance score (0-100)","GOV_WGI_PV_SC","","","","","","","","","","","","","","","","","","","","","","","","","","","","","","","","","","","","","","","","","","","","","","","","","","","","","","","","","","","","","","","","","","",
"Low & middle income","LMY","Political Stability - Governance score (0-100)","GOV_WGI_PV_SC","","","","","","","","","","","","","","","","","","","","","","","","","","","","","","","","","","","","","","","","","","","","","","","","","","","","","","","","","","","","","","","","","","",
"Lesotho","LSO","Political Stability - Governance score (0-100)","GOV_WGI_PV_SC","","","","","","","","","","","","","","","","","","","","","","","","","","","","","","","","","","","","","64.2182117","","57.1412859","","57.5419297","","60.0981741","64.2523766","66.7784635","64.3506539","63.67556","60.8858733","63.9495847","75.0227322","75.8293339","76.8668976","70.4292729","71.4448492","62.9530783","62.3253859","61.2035655","62.441153","63.5065256","60.9752323","63.4142594","63.6157044","63.7051983","63.5759709","61.4725426","",
"Lesotho","LSO","Political Stability - Governance score (0-100)","GOV_WGI_PV_SC","","","","","","","","","","","","","","","","","","","","","","","","","","","","","","","","","","","","","64.2182117","","57.1412859","","57.5419297","","60.0981741","64.2523766","66.7784635","64.3506539","63.67556","60.8858733","63.9495847","75.0227322","75.8293339","76.8668976","70.4292729","71.4448492","62.9530783","62.3253859","61.2035655","62.441153","63.5065256","60.9752323","63.4142594","63.6157044","63.7051983","63.5759709","61.4725426","",
"Late-demographic dividend","LTE","Political Stability - Governance score (0-100)","GOV_WGI_PV_SC","","","","","","","","","","","","","","","","","","","","","","","","","","","","","","","","","","","","","","","","","","","","","","","","","","","","","","","","","","","","","","","","","","",
"Late-demographic dividend","LTE","Political Stability - Governance score (0-100)","GOV_WGI_PV_SC","","","","","","","","","","","","","","","","","","","","","","","","","","","","","","","","","","","","","","","","","","","","","","","","","","","","","","","","","","","","","","","","","","",
"Lithuania","LTU","Political Stability - Governance score (0-100)","GOV_WGI_PV_SC","","","","","","","","","","","","","","","","","","","","","","","","","","","","","","","","","","","","","75.5965219","","76.5354975","","76.3153738","","81.760151","82.9767008","76.5936364","79.8505305","79.3745517","79.803867","78.7232645","76.5492175","78.1245441","77.5833375","78.1538117","82.7023413","81.8925419","82.0275822","82.2000022","81.1356801","81.3878711","82.6773936","85.5490156","83.1660384","82.3600141","82.1525341","81.941602","",
"Lithuania","LTU","Political Stability - Governance score (0-100)","GOV_WGI_PV_SC","","","","","","","","","","","","","","","","","","","","","","","","","","","","","","","","","","","","","75.5965219","","76.5354975","","76.3153738","","81.760151","82.9767008","76.5936364","79.8505305","79.3745517","79.803867","78.7232645","76.5492175","78.1245441","77.5833375","78.1538117","82.7023413","81.8925419","82.0275822","82.2000022","81.1356801","81.3878711","82.6773936","85.5490156","83.1660384","82.3600141","82.1525341","81.941602","",
"Luxembourg","LUX","Political Stability - Governance score (0-100)","GOV_WGI_PV_SC","","","","","","","","","","","","","","","","","","","","","","","","","","","","","","","","","","","","","90.9210577","","90.9306695","","92.0898337","","92.1097765","88.8965549","84.5950629","87.2688953","89.1396483","91.4252792","91.8217294","91.3307206","91.3084854","89.4470454","89.1924014","88.3824739","90.3386571","90.0224852","88.8816085","87.6143673","88.1947317","88.1954355","86.5719558","85.4536695","83.3929794","83.2434027","84.2238592","",
"Luxembourg","LUX","Political Stability - Governance score (0-100)","GOV_WGI_PV_SC","","","","","","","","","","","","","","","","","","","","","","","","","","","","","","","","","","","","","90.9210577","","90.9306695","","92.0898337","","92.1097765","88.8965549","84.5950629","87.2688953","89.1396483","91.4252792","91.8217294","91.3307206","91.3084854","89.4470454","89.1924014","88.3824739","90.3386571","90.0224852","88.8816085","87.6143673","88.1947317","88.1954355","86.5719558","85.4536695","83.3929794","83.2434027","84.2238592","",
"Latvia","LVA","Political Stability - Governance score (0-100)","GOV_WGI_PV_SC","","","","","","","","","","","","","","","","","","","","","","","","","","","","","","","","","","","","","75.5238551","","70.156338","","75.6600894","","81.2241748","81.9871398","75.9773374","80.5099008","81.3776068","78.6351935","72.7344656","76.3589694","75.9643503","72.4026965","74.1098163","76.5318523","78.1965106","78.1374356","76.8851186","77.2226151","77.2238587","77.4765827","78.3005205","79.6789749","79.2157458","80.2337614","76.4873804","",
"Latvia","LVA","Political Stability - Governance score (0-100)","GOV_WGI_PV_SC","","","","","","","","","","","","","","","","","","","","","","","","","","","","","","","","","","","","","75.5238551","","70.156338","","75.6600894","","81.2241748","81.9871398","75.9773374","80.5099008","81.3776068","78.6351935","72.7344656","76.3589694","75.9643503","72.4026965","74.1098163","76.5318523","78.1965106","78.1374356","76.8851186","77.2226151","77.2238587","77.4765827","78.3005205","79.6789749","79.2157458","80.2337614","76.4873804","",
"Macao SAR, China","MAC","Political Stability - Governance score (0-100)","GOV_WGI_PV_SC","","","","","","","","","","","","","","","","","","","","","","","","","","","","","","","","","","","","","68.6780707","","68.6935039","","73.3008642","","73.3380645","82.5355617","81.8950358","87.3292532","82.2129142","72.2297829","72.2194434","71.9194154","71.8268485","71.7426652","71.7337777","78.7618399","85.3969638","85.3687227","88.3230692","88.3316852","85.4998719","85.5180621","83.9957362","82.4442007","82.5116765","82.5226463","83.8962136","",
"Macao SAR, China","MAC","Political Stability - Governance score (0-100)","GOV_WGI_PV_SC","","","","","","","","","","","","","","","","","","","","","","","","","","","","","","","","","","","","","68.6780707","","68.6935039","","73.3008642","","73.3380645","82.5355617","81.8950358","87.3292532","82.2129142","72.2297829","72.2194434","71.9194154","71.8268485","71.7426652","71.7337777","78.7618399","85.3969638","85.3687227","88.3230692","88.3316852","85.4998719","85.5180621","83.9957362","82.4442007","82.5116765","82.5226463","83.8962136","",
"St. Martin (French part)","MAF","Political Stability - Governance score (0-100)","GOV_WGI_PV_SC","","","","","","","","","","","","","","","","","","","","","","","","","","","","","","","","","","","","","","","","","","","","","","","","","","","","","","","","","","","","","","","","","","",
"St. Martin (French part)","MAF","Political Stability - Governance score (0-100)","GOV_WGI_PV_SC","","","","","","","","","","","","","","","","","","","","","","","","","","","","","","","","","","","","","","","","","","","","","","","","","","","","","","","","","","","","","","","","","","",
"Morocco","MAR","Political Stability - Governance score (0-100)","GOV_WGI_PV_SC","","","","","","","","","","","","","","","","","","","","","","","","","","","","","","","","","","","","","59.1954542","","65.7443109","","59.4218708","","60.6268104","58.1671504","59.3806376","56.2692428","59.4063642","58.8253506","57.1458005","58.5916538","58.370471","57.2507721","56.0550242","54.0147278","58.9001646","58.1279806","57.8475007","57.2421749","58.6099311","59.225745","58.9003457","57.8892089","57.4901092","56.7561265","58.3648187","",
"Morocco","MAR","Political Stability - Governance score (0-100)","GOV_WGI_PV_SC","","","","","","","","","","","","","","","","","","","","","","","","","","","","","","","","","","","","","59.1954542","","65.7443109","","59.4218708","","60.6268104","58.1671504","59.3806376","56.2692428","59.4063642","58.8253506","57.1458005","58.5916538","58.370471","57.2507721","56.0550242","54.0147278","58.9001646","58.1279806","57.8475007","57.2421749","58.6099311","59.225745","58.9003457","57.8892089","57.4901092","56.7561265","58.3648187","",
"Monaco","MCO","Political Stability - Governance score (0-100)","GOV_WGI_PV_SC","","","","","","","","","","","","","","","","","","","","","","","","","","","","","","","","","","","","","","","","","","","","82.1460909","81.5812212","81.7687413","81.8479214","81.9786827","81.9625782","82.1522113","81.9672295","81.7990014","81.7812433","81.7269836","81.9144132","86.4932079","86.4375595","92.289205","92.3371667","92.3515614","86.498826","86.4678024","89.4436154","89.4522962","87.0535015","",
"Monaco","MCO","Political Stability - Governance score (0-100)","GOV_WGI_PV_SC","","","","","","","","","","","","","","","","","","","","","","","","","","","","","","","","","","","","","","","","","","","","82.1460909","81.5812212","81.7687413","81.8479214","81.9786827","81.9625782","82.1522113","81.9672295","81.7990014","81.7812433","81.7269836","81.9144132","86.4932079","86.4375595","92.289205","92.3371667","92.3515614","86.498826","86.4678024","89.4436154","89.4522962","87.0535015","",
"Moldova","MDA","Political Stability - Governance score (0-100)","GOV_WGI_PV_SC","","","","","","","","","","","","","","","","","","","","","","","","","","","","","","","","","","","","","64.0942266","","67.2192559","","60.2820917","","64.4895512","61.6463103","60.8082289","59.6630955","62.2849093","66.9085826","61.7808604","60.9238713","64.6216398","68.4446711","68.2618074","68.4584132","64.547656","62.9658024","62.7463209","62.7882699","61.8237471","63.3755268","63.3477077","65.1228447","61.6827044","61.3187706","60.0013863","",
"Moldova","MDA","Political Stability - Governance score (0-100)","GOV_WGI_PV_SC","","","","","","","","","","","","","","","","","","","","","","","","","","","","","","","","","","","","","64.0942266","","67.2192559","","60.2820917","","64.4895512","61.6463103","60.8082289","59.6630955","62.2849093","66.9085826","61.7808604","60.9238713","64.6216398","68.4446711","68.2618074","68.4584132","64.547656","62.9658024","62.7463209","62.7882699","61.8237471","63.3755268","63.3477077","65.1228447","61.6827044","61.3187706","60.0013863","",
"Madagascar","MDG","Political Stability - Governance score (0-100)","GOV_WGI_PV_SC","","","","","","","","","","","","","","","","","","","","","","","","","","","","","","","","","","","","","68.0889621","","67.2641771","","66.8146201","","61.7195306","70.9088628","65.5057168","65.1506297","68.2967239","67.6478127","57.6693465","52.7909371","45.9816577","52.1689055","54.1014426","55.6094899","56.2869548","56.9033614","57.9323826","56.7554604","52.8686191","56.8504887","56.0780417","58.0152523","56.9261073","51.5297888","57.6856867","",
"Madagascar","MDG","Political Stability - Governance score (0-100)","GOV_WGI_PV_SC","","","","","","","","","","","","","","","","","","","","","","","","","","","","","","","","","","","","","68.0889621","","67.2641771","","66.8146201","","61.7195306","70.9088628","65.5057168","65.1506297","68.2967239","67.6478127","57.6693465","52.7909371","45.9816577","52.1689055","54.1014426","55.6094899","56.2869548","56.9033614","57.9323826","56.7554604","52.8686191","56.8504887","56.0780417","58.0152523","56.9261073","51.5297888","57.6856867","",
"Maldives","MDV","Political Stability - Governance score (0-100)","GOV_WGI_PV_SC","","","","","","","","","","","","","","","","","","","","","","","","","","","","","","","","","","","","","83.3646838","","86.8241537","","85.2822728","","83.3741282","80.7824565","72.1659148","77.3820053","77.0622035","65.9857935","63.1650337","63.9340559","63.4844032","61.0445392","60.3183628","65.2306945","74.1023277","67.2967961","67.2458553","65.1568388","63.5712956","64.5089747","69.3736163","73.4620188","70.5431935","67.3165595","64.9641925","",
"Maldives","MDV","Political Stability - Governance score (0-100)","GOV_WGI_PV_SC","","","","","","","","","","","","","","","","","","","","","","","","","","","","","","","","","","","","","83.3646838","","86.8241537","","85.2822728","","83.3741282","80.7824565","72.1659148","77.3820053","77.0622035","65.9857935","63.1650337","63.9340559","63.4844032","61.0445392","60.3183628","65.2306945","74.1023277","67.2967961","67.2458553","65.1568388","63.5712956","64.5089747","69.3736163","73.4620188","70.5431935","67.3165595","64.9641925","",
"Middle East, North Africa, Afghanistan & Pakistan","MEA","Political Stability - Governance score (0-100)","GOV_WGI_PV_SC","","","","","","","","","","","","","","","","","","","","","","","","","","","","","","","","","","","","","","","","","","","","","","","","","","","","","","","","","","","","","","","","","","",
"Middle East, North Africa, Afghanistan & Pakistan","MEA","Political Stability - Governance score (0-100)","GOV_WGI_PV_SC","","","","","","","","","","","","","","","","","","","","","","","","","","","","","","","","","","","","","","","","","","","","","","","","","","","","","","","","","","","","","","","","","","",
"Mexico","MEX","Political Stability - Governance score (0-100)","GOV_WGI_PV_SC","","","","","","","","","","","","","","","","","","","","","","","","","","","","","","","","","","","","","52.2017824","","59.3834492","","64.7382969","","63.5233937","64.3154965","63.2658988","59.7670661","55.7107036","55.0710677","53.1598894","52.3836707","51.8378367","53.5075478","52.2117256","52.1530435","49.5018886","50.6531064","51.64984","48.0339505","50.0543383","50.5648971","52.6169798","53.3188388","55.8325808","55.6715218","53.6732923","",
"Mexico","MEX","Political Stability - Governance score (0-100)","GOV_WGI_PV_SC","","","","","","","","","","","","","","","","","","","","","","","","","","","","","","","","","","","","","52.2017824","","59.3834492","","64.7382969","","63.5233937","64.3154965","63.2658988","59.7670661","55.7107036","55.0710677","53.1598894","52.3836707","51.8378367","53.5075478","52.2117256","52.1530435","49.5018886","50.6531064","51.64984","48.0339505","50.0543383","50.5648971","52.6169798","53.3188388","55.8325808","55.6715218","53.6732923","",
"Marshall Islands","MHL","Political Stability - Governance score (0-100)","GOV_WGI_PV_SC","","","","","","","","","","","","","","","","","","","","","","","","","","","","","","","","","","","","","","","","","","","","82.1460909","82.0790764","82.4735879","82.6401711","82.9152703","82.8813889","93.0361937","88.9591624","92.6829837","92.6652257","92.610966","92.7983956","85.4101354","80.9676706","85.3421489","85.408926","85.5530879","83.6500012","83.0547911","87.7925694","87.7995421","87.7113327","",
"Marshall Islands","MHL","Political Stability - Governance score (0-100)","GOV_WGI_PV_SC","","","","","","","","","","","","","","","","","","","","","","","","","","","","","","","","","","","","","","","","","","","","82.1460909","82.0790764","82.4735879","82.6401711","82.9152703","82.8813889","93.0361937","88.9591624","92.6829837","92.6652257","92.610966","92.7983956","85.4101354","80.9676706","85.3421489","85.408926","85.5530879","83.6500012","83.0547911","87.7925694","87.7995421","87.7113327","",
"Middle income","MIC","Political Stability - Governance score (0-100)","GOV_WGI_PV_SC","","","","","","","","","","","","","","","","","","","","","","","","","","","","","","","","","","","","","","","","","","","","","","","","","","","","","","","","","","","","","","","","","","",
"Middle income","MIC","Political Stability - Governance score (0-100)","GOV_WGI_PV_SC","","","","","","","","","","","","","","","","","","","","","","","","","","","","","","","","","","","","","","","","","","","","","","","","","","","","","","","","","","","","","","","","","","",
"North Macedonia","MKD","Political Stability - Governance score (0-100)","GOV_WGI_PV_SC","","","","","","","","","","","","","","","","","","","","","","","","","","","","","","","","","","","","","50.0506794","","45.5478209","","47.3342762","","43.7102268","45.0850257","52.402797","49.608845","55.1764833","61.4069766","62.754076","64.3377522","58.153328","54.2849434","59.0696277","58.9862302","69.7574416","62.1290756","60.0448829","61.6328449","63.8711922","66.5630218","67.4168456","67.4456605","71.3921251","69.6063993","68.5558552","",
"North Macedonia","MKD","Political Stability - Governance score (0-100)","GOV_WGI_PV_SC","","","","","","","","","","","","","","","","","","","","","","","","","","","","","","","","","","","","","50.0506794","","45.5478209","","47.3342762","","43.7102268","45.0850257","52.402797","49.608845","55.1764833","61.4069766","62.754076","64.3377522","58.153328","54.2849434","59.0696277","58.9862302","69.7574416","62.1290756","60.0448829","61.6328449","63.8711922","66.5630218","67.4168456","67.4456605","71.3921251","69.6063993","68.5558552","",
"Mali","MLI","Political Stability - Governance score (0-100)","GOV_WGI_PV_SC","","","","","","","","","","","","","","","","","","","","","","","","","","","","","","","","","","","","","69.9815539","","68.3472103","","62.7476328","","68.8069565","67.2015884","71.4787886","68.9328854","74.175261","71.946324","71.1261117","68.9224793","63.668285","52.7074764","32.3552637","37.7728658","38.7345769","39.3565334","39.6932356","36.5372477","33.8102693","30.7915798","30.714892","26.0609877","23.7355619","22.2023396","23.3447758","",
"Mali","MLI","Political Stability - Governance score (0-100)","GOV_WGI_PV_SC","","","","","","","","","","","","","","","","","","","","","","","","","","","","","","","","","","","","","69.9815539","","68.3472103","","62.7476328","","68.8069565","67.2015884","71.4787886","68.9328854","74.175261","71.946324","71.1261117","68.9224793","63.668285","52.7074764","32.3552637","37.7728658","38.7345769","39.3565334","39.6932356","36.5372477","33.8102693","30.7915798","30.714892","26.0609877","23.7355619","22.2023396","23.3447758","",
"Malta","MLT","Political Stability - Governance score (0-100)","GOV_WGI_PV_SC","","","","","","","","","","","","","","","","","","","","","","","","","","","","","","","","","","","","","87.9160113","","88.5013892","","88.4792156","","87.6718127","86.8485274","81.1578896","85.064303","84.0606479","85.1109358","86.3606069","86.4002106","86.6925621","83.0115951","83.1922518","82.4967318","83.8064293","82.1340467","81.8977808","84.3908285","84.8913894","81.5983506","82.8302159","81.8116195","81.8090675","81.9217873","79.6436621","",
"Malta","MLT","Political Stability - Governance score (0-100)","GOV_WGI_PV_SC","","","","","","","","","","","","","","","","","","","","","","","","","","","","","","","","","","","","","87.9160113","","88.5013892","","88.4792156","","87.6718127","86.8485274","81.1578896","85.064303","84.0606479","85.1109358","86.3606069","86.4002106","86.6925621","83.0115951","83.1922518","82.4967318","83.8064293","82.1340467","81.8977808","84.3908285","84.8913894","81.5983506","82.8302159","81.8116195","81.8090675","81.9217873","79.6436621","",
"Myanmar","MMR","Political Stability - Governance score (0-100)","GOV_WGI_PV_SC","","","","","","","","","","","","","","","","","","","","","","","","","","","","","","","","","","","","","40.3282578","","37.966636","","37.9681084","","40.0012972","43.7724004","47.4270412","49.9325413","52.4493324","48.0487278","46.7721925","46.1156065","47.3023968","47.3676724","47.7937422","44.1592969","46.2378749","46.6955798","48.4777851","44.6899778","43.7246454","42.6196691","39.727474","30.1263779","27.6098157","28.1665563","30.1870415","",
"Myanmar","MMR","Political Stability - Governance score (0-100)","GOV_WGI_PV_SC","","","","","","","","","","","","","","","","","","","","","","","","","","","","","","","","","","","","","40.3282578","","37.966636","","37.9681084","","40.0012972","43.7724004","47.4270412","49.9325413","52.4493324","48.0487278","46.7721925","46.1156065","47.3023968","47.3676724","47.7937422","44.1592969","46.2378749","46.6955798","48.4777851","44.6899778","43.7246454","42.6196691","39.727474","30.1263779","27.6098157","28.1665563","30.1870415","",
"Middle East, North Africa, Afghanistan & Pakistan (excluding high income)","MNA","Political Stability - Governance score (0-100)","GOV_WGI_PV_SC","","","","","","","","","","","","","","","","","","","","","","","","","","","","","","","","","","","","","","","","","","","","","","","","","","","","","","","","","","","","","","","","","","",
"Middle East, North Africa, Afghanistan & Pakistan (excluding high income)","MNA","Political Stability - Governance score (0-100)","GOV_WGI_PV_SC","","","","","","","","","","","","","","","","","","","","","","","","","","","","","","","","","","","","","","","","","","","","","","","","","","","","","","","","","","","","","","","","","","",
"Montenegro","MNE","Political Stability - Governance score (0-100)","GOV_WGI_PV_SC","","","","","","","","","","","","","","","","","","","","","","","","","","","","","","","","","","","","","","","67.0486397","","66.9413639","","78.712076","78.4456406","78.3527184","78.8997379","69.3728545","68.658859","78.4855979","78.3492338","74.5921426","74.4769751","76.3767445","75.9572597","71.0928265","69.7759581","70.7258625","66.7594431","68.1439034","69.2355697","66.3995884","65.3266026","66.2984039","70.371122","71.56303","",
"Montenegro","MNE","Political Stability - Governance score (0-100)","GOV_WGI_PV_SC","","","","","","","","","","","","","","","","","","","","","","","","","","","","","","","","","","","","","","","67.0486397","","66.9413639","","78.712076","78.4456406","78.3527184","78.8997379","69.3728545","68.658859","78.4855979","78.3492338","74.5921426","74.4769751","76.3767445","75.9572597","71.0928265","69.7759581","70.7258625","66.7594431","68.1439034","69.2355697","66.3995884","65.3266026","66.2984039","70.371122","71.56303","",
"Mongolia","MNG","Political Stability - Governance score (0-100)","GOV_WGI_PV_SC","","","","","","","","","","","","","","","","","","","","","","","","","","","","","","","","","","","","","76.8821652","","72.4767794","","76.1513392","","82.8374277","80.5822038","74.671543","80.6418647","77.1233522","77.7128212","73.0716701","77.4626338","77.2900943","75.5375597","76.2262847","76.8858223","81.0504019","78.8907188","78.1210356","78.1254853","78.6896342","78.5056124","78.7026692","78.4294302","76.6814461","76.8823052","73.0751923","",
"Mongolia","MNG","Political Stability - Governance score (0-100)","GOV_WGI_PV_SC","","","","","","","","","","","","","","","","","","","","","","","","","","","","","","","","","","","","","76.8821652","","72.4767794","","76.1513392","","82.8374277","80.5822038","74.671543","80.6418647","77.1233522","77.7128212","73.0716701","77.4626338","77.2900943","75.5375597","76.2262847","76.8858223","81.0504019","78.8907188","78.1210356","78.1254853","78.6896342","78.5056124","78.7026692","78.4294302","76.6814461","76.8823052","73.0751923","",
"Northern Mariana Islands","MNP","Political Stability - Governance score (0-100)","GOV_WGI_PV_SC","","","","","","","","","","","","","","","","","","","","","","","","","","","","","","","","","","","","","","","","","","","","","","","","","","","","","","","","","","","","","","","","","","",
"Northern Mariana Islands","MNP","Political Stability - Governance score (0-100)","GOV_WGI_PV_SC","","","","","","","","","","","","","","","","","","","","","","","","","","","","","","","","","","","","","","","","","","","","","","","","","","","","","","","","","","","","","","","","","","",
"Mozambique","MOZ","Political Stability - Governance score (0-100)","GOV_WGI_PV_SC","","","","","","","","","","","","","","","","","","","","","","","","","","","","","","","","","","","","","64.7849724","","66.5422813","","62.2031534","","63.4588082","62.6640508","60.9437799","64.4771346","70.3980922","67.9150117","69.0097133","70.4697187","65.5167481","64.3732938","66.5933587","57.4292219","55.3098599","54.2055959","44.0153178","47.6973268","52.2626134","51.7248231","42.9068074","44.2430053","43.3319001","41.6657864","35.8615679","",
"Mozambique","MOZ","Political Stability - Governance score (0-100)","GOV_WGI_PV_SC","","","","","","","","","","","","","","","","","","","","","","","","","","","","","","","","","","","","","64.7849724","","66.5422813","","62.2031534","","63.4588082","62.6640508","60.9437799","64.4771346","70.3980922","67.9150117","69.0097133","70.4697187","65.5167481","64.3732938","66.5933587","57.4292219","55.3098599","54.2055959","44.0153178","47.6973268","52.2626134","51.7248231","42.9068074","44.2430053","43.3319001","41.6657864","35.8615679","",
"Mauritania","MRT","Political Stability - Governance score (0-100)","GOV_WGI_PV_SC","","","","","","","","","","","","","","","","","","","","","","","","","","","","","","","","","","","","","66.611431","","66.1033508","","65.2544021","","67.3750964","60.9580345","60.5457189","58.5456992","68.1309368","63.1820077","54.2129752","56.2856156","51.9662955","48.7542918","47.1205717","46.4306834","52.8916382","52.6303564","50.4090035","52.8476838","53.1083901","54.8692793","55.1954098","56.9739921","60.7821009","57.2806632","56.3357484","",
"Mauritania","MRT","Political Stability - Governance score (0-100)","GOV_WGI_PV_SC","","","","","","","","","","","","","","","","","","","","","","","","","","","","","","","","","","","","","66.611431","","66.1033508","","65.2544021","","67.3750964","60.9580345","60.5457189","58.5456992","68.1309368","63.1820077","54.2129752","56.2856156","51.9662955","48.7542918","47.1205717","46.4306834","52.8916382","52.6303564","50.4090035","52.8476838","53.1083901","54.8692793","55.1954098","56.9739921","60.7821009","57.2806632","56.3357484","",
"Mauritius","MUS","Political Stability - Governance score (0-100)","GOV_WGI_PV_SC","","","","","","","","","","","","","","","","","","","","","","","","","","","","","","","","","","","","","83.0358732","","81.7094818","","77.3967245","","81.8270391","80.5572561","79.0443951","83.6511798","81.1222796","83.4216048","83.6512498","75.6927955","74.4774704","73.9535248","84.1734668","83.884318","79.7239935","83.3998001","83.5116163","83.2235368","81.2539224","81.7653421","81.7603303","81.7194933","80.5971365","80.1546189","79.394872","",
"Mauritius","MUS","Political Stability - Governance score (0-100)","GOV_WGI_PV_SC","","","","","","","","","","","","","","","","","","","","","","","","","","","","","","","","","","","","","83.0358732","","81.7094818","","77.3967245","","81.8270391","80.5572561","79.0443951","83.6511798","81.1222796","83.4216048","83.6512498","75.6927955","74.4774704","73.9535248","84.1734668","83.884318","79.7239935","83.3998001","83.5116163","83.2235368","81.2539224","81.7653421","81.7603303","81.7194933","80.5971365","80.1546189","79.394872","",
"Malawi","MWI","Political Stability - Governance score (0-100)","GOV_WGI_PV_SC","","","","","","","","","","","","","","","","","","","","","","","","","","","","","","","","","","","","","55.2960511","","57.0868844","","52.4621197","","64.9121312","62.1915516","63.5076735","65.2877266","64.6922893","64.8296715","62.2905599","65.9627556","65.2834647","62.6375026","64.4231567","62.4233608","65.4039002","65.0017806","61.4907533","60.547837","59.2380506","61.0696748","64.5856591","64.1376617","63.0430642","61.7531318","59.3998253","",
"Malawi","MWI","Political Stability - Governance score (0-100)","GOV_WGI_PV_SC","","","","","","","","","","","","","","","","","","","","","","","","","","","","","","","","","","","","","55.2960511","","57.0868844","","52.4621197","","64.9121312","62.1915516","63.5076735","65.2877266","64.6922893","64.8296715","62.2905599","65.9627556","65.2834647","62.6375026","64.4231567","62.4233608","65.4039002","65.0017806","61.4907533","60.547837","59.2380506","61.0696748","64.5856591","64.1376617","63.0430642","61.7531318","59.3998253","",
"Malaysia","MYS","Political Stability - Governance score (0-100)","GOV_WGI_PV_SC","","","","","","","","","","","","","","","","","","","","","","","","","","","","","","","","","","","","","72.3303303","","64.5156468","","66.1696616","","72.1501143","72.0732591","68.5475826","72.8856908","69.4835894","68.5952334","68.2010004","66.3783031","68.8887961","66.8902028","65.5582325","65.1626653","67.3972342","66.6594252","65.6238617","65.6920105","68.9172284","68.6426383","68.2870199","69.2442318","70.1357564","69.7921566","72.4670498","",
"Malaysia","MYS","Political Stability - Governance score (0-100)","GOV_WGI_PV_SC","","","","","","","","","","","","","","","","","","","","","","","","","","","","","","","","","","","","","72.3303303","","64.5156468","","66.1696616","","72.1501143","72.0732591","68.5475826","72.8856908","69.4835894","68.5952334","68.2010004","66.3783031","68.8887961","66.8902028","65.5582325","65.1626653","67.3972342","66.6594252","65.6238617","65.6920105","68.9172284","68.6426383","68.2870199","69.2442318","70.1357564","69.7921566","72.4670498","",
"North America","NAC","Political Stability - Governance score (0-100)","GOV_WGI_PV_SC","","","","","","","","","","","","","","","","","","","","","","","","","","","","","","","","","","","","","","","","","","","","","","","","","","","","","","","","","","","","","","","","","","",
"North America","NAC","Political Stability - Governance score (0-100)","GOV_WGI_PV_SC","","","","","","","","","","","","","","","","","","","","","","","","","","","","","","","","","","","","","","","","","","","","","","","","","","","","","","","","","","","","","","","","","","",
"Namibia","NAM","Political Stability - Governance score (0-100)","GOV_WGI_PV_SC","","","","","","","","","","","","","","","","","","","","","","","","","","","","","","","","","","","","","78.9871684","","72.99139","","63.0050594","","66.8036759","69.2380926","73.7953594","75.8228156","77.9169532","81.7387802","84.08317","81.7676617","79.342493","78.1112376","80.3001439","80.9061734","76.7737568","78.1505406","77.2661493","76.6460513","77.7533951","75.9027575","74.6509477","74.6676553","72.2767539","72.9842533","75.2334628","",
"Namibia","NAM","Political Stability - Governance score (0-100)","GOV_WGI_PV_SC","","","","","","","","","","","","","","","","","","","","","","","","","","","","","","","","","","","","","78.9871684","","72.99139","","63.0050594","","66.8036759","69.2380926","73.7953594","75.8228156","77.9169532","81.7387802","84.08317","81.7676617","79.342493","78.1112376","80.3001439","80.9061734","76.7737568","78.1505406","77.2661493","76.6460513","77.7533951","75.9027575","74.6509477","74.6676553","72.2767539","72.9842533","75.2334628","",
"New Caledonia","NCL","Political Stability - Governance score (0-100)","GOV_WGI_PV_SC","","","","","","","","","","","","","","","","","","","","","","","","","","","","","","","","","","","","","","","","","","","","","","","","","","","","","","","","","","","82.896132","83.995374","83.7339572","84.8954685","84.9439802","84.9697768","84.6434944","",
"New Caledonia","NCL","Political Stability - Governance score (0-100)","GOV_WGI_PV_SC","","","","","","","","","","","","","","","","","","","","","","","","","","","","","","","","","","","","","","","","","","","","","","","","","","","","","","","","","","","82.896132","83.995374","83.7339572","84.8954685","84.9439802","84.9697768","84.6434944","",
"Niger","NER","Political Stability - Governance score (0-100)","GOV_WGI_PV_SC","","","","","","","","","","","","","","","","","","","","","","","","","","","","","","","","","","","","","58.4872665","","54.5366066","","59.3795751","","56.634333","61.6952952","57.6061155","58.8963127","63.6435286","59.7900015","55.793522","50.1590707","47.4166249","52.9341936","50.8088411","49.9398881","49.1431186","52.2378434","49.7638964","48.1076627","45.5557519","45.5647454","40.2296474","40.6254264","43.7040962","37.6520288","35.7723336","",
"Niger","NER","Political Stability - Governance score (0-100)","GOV_WGI_PV_SC","","","","","","","","","","","","","","","","","","","","","","","","","","","","","","","","","","","","","58.4872665","","54.5366066","","59.3795751","","56.634333","61.6952952","57.6061155","58.8963127","63.6435286","59.7900015","55.793522","50.1590707","47.4166249","52.9341936","50.8088411","49.9398881","49.1431186","52.2378434","49.7638964","48.1076627","45.5557519","45.5647454","40.2296474","40.6254264","43.7040962","37.6520288","35.7723336","",
"Nigeria","NGA","Political Stability - Governance score (0-100)","GOV_WGI_PV_SC","","","","","","","","","","","","","","","","","","","","","","","","","","","","","","","","","","","","","43.0952413","","46.8383478","","38.1068777","","30.643841","34.1799493","36.4364953","36.2768592","34.6577643","36.7290792","38.5736409","40.5799518","31.311829","32.6595177","30.221987","31.9138683","28.5617067","37.4061904","36.6837207","33.2722023","33.6874013","32.1888547","31.5768107","31.4992996","32.5405717","32.4832851","31.6874346","",
"Nigeria","NGA","Political Stability - Governance score (0-100)","GOV_WGI_PV_SC","","","","","","","","","","","","","","","","","","","","","","","","","","","","","","","","","","","","","43.0952413","","46.8383478","","38.1068777","","30.643841","34.1799493","36.4364953","36.2768592","34.6577643","36.7290792","38.5736409","40.5799518","31.311829","32.6595177","30.221987","31.9138683","28.5617067","37.4061904","36.6837207","33.2722023","33.6874013","32.1888547","31.5768107","31.4992996","32.5405717","32.4832851","31.6874346","",
"Nicaragua","NIC","Political Stability - Governance score (0-100)","GOV_WGI_PV_SC","","","","","","","","","","","","","","","","","","","","","","","","","","","","","","","","","","","","","54.3492351","","54.5435947","","60.3426818","","59.5380496","59.0118407","58.191765","59.2174417","61.1300036","64.0501612","62.3569202","61.1846356","56.6908219","58.0842927","57.9889278","59.7097061","63.4318004","62.884096","63.0333858","62.7940555","46.9001644","49.7556204","56.9560598","58.9330313","63.0168218","64.7800648","64.7084946","",
"Nicaragua","NIC","Political Stability - Governance score (0-100)","GOV_WGI_PV_SC","","","","","","","","","","","","","","","","","","","","","","","","","","","","","","","","","","","","","54.3492351","","54.5435947","","60.3426818","","59.5380496","59.0118407","58.191765","59.2174417","61.1300036","64.0501612","62.3569202","61.1846356","56.6908219","58.0842927","57.9889278","59.7097061","63.4318004","62.884096","63.0333858","62.7940555","46.9001644","49.7556204","56.9560598","58.9330313","63.0168218","64.7800648","64.7084946","",
"Netherlands","NLD","Political Stability - Governance score (0-100)","GOV_WGI_PV_SC","","","","","","","","","","","","","","","","","","","","","","","","","","","","","","","","","","","","","93.3393015","","93.7922441","","94.6678503","","83.5480052","85.3655114","80.6627333","83.1350558","82.3508566","81.7878949","82.5933026","83.9280042","82.8466432","84.3887377","85.1544563","83.948509","84.1579465","81.4706964","80.9398498","79.2526096","79.44179","77.8266632","78.0101862","78.4148135","76.5743154","76.2875137","73.2073612","",
"Netherlands","NLD","Political Stability - Governance score (0-100)","GOV_WGI_PV_SC","","","","","","","","","","","","","","","","","","","","","","","","","","","","","","","","","","","","","93.3393015","","93.7922441","","94.6678503","","83.5480052","85.3655114","80.6627333","83.1350558","82.3508566","81.7878949","82.5933026","83.9280042","82.8466432","84.3887377","85.1544563","83.948509","84.1579465","81.4706964","80.9398498","79.2526096","79.44179","77.8266632","78.0101862","78.4148135","76.5743154","76.2875137","73.2073612","",
"Norway","NOR","Political Stability - Governance score (0-100)","GOV_WGI_PV_SC","","","","","","","","","","","","","","","","","","","","","","","","","","","","","","","","","","","","","92.7292783","","92.1869887","","92.5456733","","91.9008788","85.9754014","84.0387425","87.5503608","86.9241613","86.7070542","88.7550219","90.0386546","90.0641011","88.8975593","88.6578652","88.3114777","86.39072","85.8984385","85.460181","84.6106037","84.8814137","84.2852607","86.4773169","84.2087352","81.6055898","81.886027","81.3235982","",
"Norway","NOR","Political Stability - Governance score (0-100)","GOV_WGI_PV_SC","","","","","","","","","","","","","","","","","","","","","","","","","","","","","","","","","","","","","92.7292783","","92.1869887","","92.5456733","","91.9008788","85.9754014","84.0387425","87.5503608","86.9241613","86.7070542","88.7550219","90.0386546","90.0641011","88.8975593","88.6578652","88.3114777","86.39072","85.8984385","85.460181","84.6106037","84.8814137","84.2852607","86.4773169","84.2087352","81.6055898","81.886027","81.3235982","",
"Nepal","NPL","Political Stability - Governance score (0-100)","GOV_WGI_PV_SC","","","","","","","","","","","","","","","","","","","","","","","","","","","","","","","","","","","","","57.5111094","","51.7208875","","42.1067992","","33.3624495","29.3661339","29.8238149","29.2408916","34.0032896","34.7832492","34.3461584","37.9051542","38.5793667","39.921029","40.645364","44.9452709","51.4843979","48.5495262","50.1608711","56.4951726","57.4255647","58.9654864","61.618773","61.5895345","59.4794051","60.5485527","58.8121329","",
"Nepal","NPL","Political Stability - Governance score (0-100)","GOV_WGI_PV_SC","","","","","","","","","","","","","","","","","","","","","","","","","","","","","","","","","","","","","57.5111094","","51.7208875","","42.1067992","","33.3624495","29.3661339","29.8238149","29.2408916","34.0032896","34.7832492","34.3461584","37.9051542","38.5793667","39.921029","40.645364","44.9452709","51.4843979","48.5495262","50.1608711","56.4951726","57.4255647","58.9654864","61.618773","61.5895345","59.4794051","60.5485527","58.8121329","",
"Naoero","NRU","Political Stability - Governance score (0-100)","GOV_WGI_PV_SC","","","","","","","","","","","","","","","","","","","","","","","","","","","","","","","","","","","","","","","","","","","","82.1460909","82.0790764","82.4735879","82.6401711","82.9152703","82.8813889","93.0361937","92.8512136","92.6829837","92.6652257","92.610966","89.8793568","83.2276432","83.1501628","79.9727425","79.6955321","78.8692421","78.8610327","78.8288236","81.7400135","83.5856206","84.764526","",
"Naoero","NRU","Political Stability - Governance score (0-100)","GOV_WGI_PV_SC","","","","","","","","","","","","","","","","","","","","","","","","","","","","","","","","","","","","","","","","","","","","82.1460909","82.0790764","82.4735879","82.6401711","82.9152703","82.8813889","93.0361937","92.8512136","92.6829837","92.6652257","92.610966","89.8793568","83.2276432","83.1501628","79.9727425","79.6955321","78.8692421","78.8610327","78.8288236","81.7400135","83.5856206","84.764526","",
"New Zealand","NZL","Political Stability - Governance score (0-100)","GOV_WGI_PV_SC","","","","","","","","","","","","","","","","","","","","","","","","","","","","","","","","","","","","","89.7343374","","90.0016029","","90.2748488","","86.8135084","86.0171215","89.3355896","88.815337","87.8018105","88.7311299","86.4991455","86.3848764","90.0912113","89.6428176","89.9598248","89.4472264","91.4454389","90.9379445","90.906224","91.3884222","90.5754935","89.6102464","90.8429264","89.0738141","86.9518882","87.8435887","85.5494444","",
"New Zealand","NZL","Political Stability - Governance score (0-100)","GOV_WGI_PV_SC","","","","","","","","","","","","","","","","","","","","","","","","","","","","","","","","","","","","","89.7343374","","90.0016029","","90.2748488","","86.8135084","86.0171215","89.3355896","88.815337","87.8018105","88.7311299","86.4991455","86.3848764","90.0912113","89.6428176","89.9598248","89.4472264","91.4454389","90.9379445","90.906224","91.3884222","90.5754935","89.6102464","90.8429264","89.0738141","86.9518882","87.8435887","85.5494444","",
"OECD members","OED","Political Stability - Governance score (0-100)","GOV_WGI_PV_SC","","","","","","","","","","","","","","","","","","","","","","","","","","","","","","","","","","","","","","","","","","","","","","","","","","","","","","","","","","","","","","","","","","",
"OECD members","OED","Political Stability - Governance score (0-100)","GOV_WGI_PV_SC","","","","","","","","","","","","","","","","","","","","","","","","","","","","","","","","","","","","","","","","","","","","","","","","","","","","","","","","","","","","","","","","","","",
"Oman","OMN","Political Stability - Governance score (0-100)","GOV_WGI_PV_SC","","","","","","","","","","","","","","","","","","","","","","","","","","","","","","","","","","","","","81.0628664","","80.187723","","83.2651219","","82.2999962","83.0437307","81.3681094","82.0610775","80.3039394","80.9975566","80.4507899","80.2437814","75.913922","71.2353246","72.5160176","71.5988552","75.6275028","76.4087913","74.5476434","75.2355741","75.1056839","74.7215562","73.9028283","72.560235","73.4096398","75.3261287","76.6085897","",
"Oman","OMN","Political Stability - Governance score (0-100)","GOV_WGI_PV_SC","","","","","","","","","","","","","","","","","","","","","","","","","","","","","","","","","","","","","81.0628664","","80.187723","","83.2651219","","82.2999962","83.0437307","81.3681094","82.0610775","80.3039394","80.9975566","80.4507899","80.2437814","75.913922","71.2353246","72.5160176","71.5988552","75.6275028","76.4087913","74.5476434","75.2355741","75.1056839","74.7215562","73.9028283","72.560235","73.4096398","75.3261287","76.6085897","",
"Other small states","OSS","Political Stability - Governance score (0-100)","GOV_WGI_PV_SC","","","","","","","","","","","","","","","","","","","","","","","","","","","","","","","","","","","","","","","","","","","","","","","","","","","","","","","","","","","","","","","","","","",
"Other small states","OSS","Political Stability - Governance score (0-100)","GOV_WGI_PV_SC","","","","","","","","","","","","","","","","","","","","","","","","","","","","","","","","","","","","","","","","","","","","","","","","","","","","","","","","","","","","","","","","","","",
"Pakistan","PAK","Political Stability - Governance score (0-100)","GOV_WGI_PV_SC","","","","","","","","","","","","","","","","","","","","","","","","","","","","","","","","","","","","","41.6448597","","43.3271873","","45.6126456","","37.8796223","38.8556291","39.3181579","36.2442504","33.8629353","26.5961013","24.4694745","28.3468919","23.8960042","19.5783837","20.1034499","20.3234763","23.8367345","24.3870695","26.0080143","28.0004036","31.9741236","32.9381408","38.7661403","37.7158986","35.9060416","32.7495326","30.6476878","",
"Pakistan","PAK","Political Stability - Governance score (0-100)","GOV_WGI_PV_SC","","","","","","","","","","","","","","","","","","","","","","","","","","","","","","","","","","","","","41.6448597","","43.3271873","","45.6126456","","37.8796223","38.8556291","39.3181579","36.2442504","33.8629353","26.5961013","24.4694745","28.3468919","23.8960042","19.5783837","20.1034499","20.3234763","23.8367345","24.3870695","26.0080143","28.0004036","31.9741236","32.9381408","38.7661403","37.7158986","35.9060416","32.7495326","30.6476878","",
"Panama","PAN","Political Stability - Governance score (0-100)","GOV_WGI_PV_SC","","","","","","","","","","","","","","","","","","","","","","","","","","","","","","","","","","","","","67.5391567","","68.9113216","","67.6657382","","70.7766768","67.3024826","67.6050062","64.8954049","67.3552989","67.8203779","67.1081281","67.8726493","64.493439","65.1686268","64.8455984","64.1932128","70.7028074","74.1501152","73.7741202","73.7176296","72.1174424","72.7148713","71.6480793","71.9384306","73.2133637","72.2040085","70.4155683","",
"Panama","PAN","Political Stability - Governance score (0-100)","GOV_WGI_PV_SC","","","","","","","","","","","","","","","","","","","","","","","","","","","","","","","","","","","","","67.5391567","","68.9113216","","67.6657382","","70.7766768","67.3024826","67.6050062","64.8954049","67.3552989","67.8203779","67.1081281","67.8726493","64.493439","65.1686268","64.8455984","64.1932128","70.7028074","74.1501152","73.7741202","73.7176296","72.1174424","72.7148713","71.6480793","71.9384306","73.2133637","72.2040085","70.4155683","",
"Peru","PER","Political Stability - Governance score (0-100)","GOV_WGI_PV_SC","","","","","","","","","","","","","","","","","","","","","","","","","","","","","","","","","","","","","47.6933212","","53.37858","","43.7370517","","44.8342388","43.9447435","49.9134373","50.2747917","53.6886896","56.307135","54.1282624","50.0197395","52.6474397","54.3572293","53.9615306","53.8305335","58.9922925","60.4051868","62.8284237","62.0633678","63.0086226","64.3760867","60.8314701","60.1862673","54.6782523","53.5281653","54.7158131","",
"Peru","PER","Political Stability - Governance score (0-100)","GOV_WGI_PV_SC","","","","","","","","","","","","","","","","","","","","","","","","","","","","","","","","","","","","","47.6933212","","53.37858","","43.7370517","","44.8342388","43.9447435","49.9134373","50.2747917","53.6886896","56.307135","54.1282624","50.0197395","52.6474397","54.3572293","53.9615306","53.8305335","58.9922925","60.4051868","62.8284237","62.0633678","63.0086226","64.3760867","60.8314701","60.1862673","54.6782523","53.5281653","54.7158131","",
"Philippines","PHL","Political Stability - Governance score (0-100)","GOV_WGI_PV_SC","","","","","","","","","","","","","","","","","","","","","","","","","","","","","","","","","","","","","55.4327774","","56.023934","","41.2740711","","48.2653396","39.0208646","38.9138244","45.8020976","40.7490289","41.2443167","37.4882521","38.101362","38.8607246","42.3142535","45.8972609","47.1997637","52.1306888","50.0628483","41.3367179","44.0426791","47.672128","48.650639","49.8113371","47.2142694","50.5373103","53.7824112","52.6707116","",
"Philippines","PHL","Political Stability - Governance score (0-100)","GOV_WGI_PV_SC","","","","","","","","","","","","","","","","","","","","","","","","","","","","","","","","","","","","","55.4327774","","56.023934","","41.2740711","","48.2653396","39.0208646","38.9138244","45.8020976","40.7490289","41.2443167","37.4882521","38.101362","38.8607246","42.3142535","45.8972609","47.1997637","52.1306888","50.0628483","41.3367179","44.0426791","47.672128","48.650639","49.8113371","47.2142694","50.5373103","53.7824112","52.6707116","",
"Palau","PLW","Political Stability - Governance score (0-100)","GOV_WGI_PV_SC","","","","","","","","","","","","","","","","","","","","","","","","","","","","","","","","","","","","","","","","","","","","82.1460909","82.0790764","82.4735879","82.6401711","82.9152703","82.8813889","93.0361937","92.8512136","92.6829837","92.6652257","92.610966","92.7983956","82.2232229","82.1457425","85.3421489","85.408926","85.4289661","85.417957","85.3747645","87.1546348","87.1633174","87.0535015","",
"Palau","PLW","Political Stability - Governance score (0-100)","GOV_WGI_PV_SC","","","","","","","","","","","","","","","","","","","","","","","","","","","","","","","","","","","","","","","","","","","","82.1460909","82.0790764","82.4735879","82.6401711","82.9152703","82.8813889","93.0361937","92.8512136","92.6829837","92.6652257","92.610966","92.7983956","82.2232229","82.1457425","85.3421489","85.408926","85.4289661","85.417957","85.3747645","87.1546348","87.1633174","87.0535015","",
"Papua New Guinea","PNG","Political Stability - Governance score (0-100)","GOV_WGI_PV_SC","","","","","","","","","","","","","","","","","","","","","","","","","","","","","","","","","","","","","54.1005424","","61.5218264","","61.3265513","","51.4730421","50.4257691","52.7084654","47.9910484","47.4478603","50.0481564","52.5049398","50.05578","49.8207713","50.4893639","50.8783701","52.3860912","54.4642694","54.0433105","52.952915","51.0506414","52.2818183","52.2428295","52.7635143","53.1237601","54.1819072","56.8273261","54.7251618","",
"Papua New Guinea","PNG","Political Stability - Governance score (0-100)","GOV_WGI_PV_SC","","","","","","","","","","","","","","","","","","","","","","","","","","","","","","","","","","","","","54.1005424","","61.5218264","","61.3265513","","51.4730421","50.4257691","52.7084654","47.9910484","47.4478603","50.0481564","52.5049398","50.05578","49.8207713","50.4893639","50.8783701","52.3860912","54.4642694","54.0433105","52.952915","51.0506414","52.2818183","52.2428295","52.7635143","53.1237601","54.1819072","56.8273261","54.7251618","",
"Poland","POL","Political Stability - Governance score (0-100)","GOV_WGI_PV_SC","","","","","","","","","","","","","","","","","","","","","","","","","","","","","","","","","","","","","78.8341155","","78.644081","","74.0510283","","78.294805","76.0490972","69.6263591","74.7241646","72.3361227","79.2106709","82.9631363","82.9248445","84.7111751","83.9402722","84.0639327","82.0555123","83.9041429","84.0646826","75.6518937","76.1783691","76.6592008","77.4004756","75.3665626","75.5488506","75.0754802","74.5306813","74.4122187","",
"Poland","POL","Political Stability - Governance score (0-100)","GOV_WGI_PV_SC","","","","","","","","","","","","","","","","","","","","","","","","","","","","","","","","","","","","","78.8341155","","78.644081","","74.0510283","","78.294805","76.0490972","69.6263591","74.7241646","72.3361227","79.2106709","82.9631363","82.9248445","84.7111751","83.9402722","84.0639327","82.0555123","83.9041429","84.0646826","75.6518937","76.1783691","76.6592008","77.4004756","75.3665626","75.5488506","75.0754802","74.5306813","74.4122187","",
"Pre-demographic dividend","PRE","Political Stability - Governance score (0-100)","GOV_WGI_PV_SC","","","","","","","","","","","","","","","","","","","","","","","","","","","","","","","","","","","","","","","","","","","","","","","","","","","","","","","","","","","","","","","","","","",
"Pre-demographic dividend","PRE","Political Stability - Governance score (0-100)","GOV_WGI_PV_SC","","","","","","","","","","","","","","","","","","","","","","","","","","","","","","","","","","","","","","","","","","","","","","","","","","","","","","","","","","","","","","","","","","",
"Puerto Rico (US)","PRI","Political Stability - Governance score (0-100)","GOV_WGI_PV_SC","","","","","","","","","","","","","","","","","","","","","","","","","","","","","","","","","","","","","68.6780707","","68.6935039","","68.6578973","","68.6950976","68.606661","72.4319061","72.9255045","72.9763428","74.2488469","71.9211731","72.8978306","72.8388615","74.4730224","75.7060833","67.5810954","76.7531069","76.8731136","74.4070908","72.8105932","71.0785992","67.7417359","72.2528721","73.1538702","71.1396096","70.8520869","73.3804149","",
"Puerto Rico (US)","PRI","Political Stability - Governance score (0-100)","GOV_WGI_PV_SC","","","","","","","","","","","","","","","","","","","","","","","","","","","","","","","","","","","","","68.6780707","","68.6935039","","68.6578973","","68.6950976","68.606661","72.4319061","72.9255045","72.9763428","74.2488469","71.9211731","72.8978306","72.8388615","74.4730224","75.7060833","67.5810954","76.7531069","76.8731136","74.4070908","72.8105932","71.0785992","67.7417359","72.2528721","73.1538702","71.1396096","70.8520869","73.3804149","",
"Korea, Dem. People's Rep.","PRK","Political Stability - Governance score (0-100)","GOV_WGI_PV_SC","","","","","","","","","","","","","","","","","","","","","","","","","","","","","","","","","","","","","65.576351","","67.6464308","","71.0693973","","71.8589431","70.5573303","63.4763595","63.7358222","64.7771832","64.8361847","63.9631663","62.3678303","65.0897679","65.3253744","61.2991438","57.301062","48.7170369","48.701853","58.1136167","59.840915","61.1916066","62.6995174","62.6941435","62.505549","70.483852","71.4703965","71.3957857","",
"Korea, Dem. People's Rep.","PRK","Political Stability - Governance score (0-100)","GOV_WGI_PV_SC","","","","","","","","","","","","","","","","","","","","","","","","","","","","","","","","","","","","","65.576351","","67.6464308","","71.0693973","","71.8589431","70.5573303","63.4763595","63.7358222","64.7771832","64.8361847","63.9631663","62.3678303","65.0897679","65.3253744","61.2991438","57.301062","48.7170369","48.701853","58.1136167","59.840915","61.1916066","62.6995174","62.6941435","62.505549","70.483852","71.4703965","71.3957857","",
"Portugal","PRT","Political Stability - Governance score (0-100)","GOV_WGI_PV_SC","","","","","","","","","","","","","","","","","","","","","","","","","","","","","","","","","","","","","88.7518567","","90.2585051","","89.4839314","","90.5536956","88.9184809","81.6735524","84.2469775","82.4287795","80.8333631","82.8434234","81.0503866","79.1018013","79.2846632","80.2634594","78.9344819","81.9574417","82.9834088","82.2723718","83.9123728","84.5430665","82.875641","82.6863939","82.2660755","81.0447633","79.3722816","75.0659657","",
"Portugal","PRT","Political Stability - Governance score (0-100)","GOV_WGI_PV_SC","","","","","","","","","","","","","","","","","","","","","","","","","","","","","","","","","","","","","88.7518567","","90.2585051","","89.4839314","","90.5536956","88.9184809","81.6735524","84.2469775","82.4287795","80.8333631","82.8434234","81.0503866","79.1018013","79.2846632","80.2634594","78.9344819","81.9574417","82.9834088","82.2723718","83.9123728","84.5430665","82.875641","82.6863939","82.2660755","81.0447633","79.3722816","75.0659657","",
"Paraguay","PRY","Political Stability - Governance score (0-100)","GOV_WGI_PV_SC","","","","","","","","","","","","","","","","","","","","","","","","","","","","","","","","","","","","","51.6615717","","48.0069974","","44.8046022","","42.7833791","50.0368091","59.0742329","57.5105405","56.651155","58.5410889","58.0003247","57.763982","56.7837731","56.2122108","56.0805663","55.3324708","66.0780649","67.306249","67.5082338","65.4109498","65.3173273","66.5012496","66.035858","64.9542527","64.7685894","65.9351124","64.6331579","",
"Paraguay","PRY","Political Stability - Governance score (0-100)","GOV_WGI_PV_SC","","","","","","","","","","","","","","","","","","","","","","","","","","","","","","","","","","","","","51.6615717","","48.0069974","","44.8046022","","42.7833791","50.0368091","59.0742329","57.5105405","56.651155","58.5410889","58.0003247","57.763982","56.7837731","56.2122108","56.0805663","55.3324708","66.0780649","67.306249","67.5082338","65.4109498","65.3173273","66.5012496","66.035858","64.9542527","64.7685894","65.9351124","64.6331579","",
"West Bank and Gaza","PSE","Political Stability - Governance score (0-100)","GOV_WGI_PV_SC","","","","","","","","","","","","","","","","","","","","","","","","","","","","","","","","","","","","","35.5420378","","35.5525959","","33.5946414","","33.6200913","41.8459904","45.0975448","40.7753721","37.5699278","36.4137341","34.4694738","35.8388613","35.6698731","33.8011016","32.6262872","35.1376941","37.3111193","36.3253334","36.9644995","42.5224235","40.8712255","39.877049","36.1690504","37.9947694","39.7279232","38.2367542","33.8433017","",
"West Bank and Gaza","PSE","Political Stability - Governance score (0-100)","GOV_WGI_PV_SC","","","","","","","","","","","","","","","","","","","","","","","","","","","","","","","","","","","","","35.5420378","","35.5525959","","33.5946414","","33.6200913","41.8459904","45.0975448","40.7753721","37.5699278","36.4137341","34.4694738","35.8388613","35.6698731","33.8011016","32.6262872","35.1376941","37.3111193","36.3253334","36.9644995","42.5224235","40.8712255","39.877049","36.1690504","37.9947694","39.7279232","38.2367542","33.8433017","",
"Pacific island small states","PSS","Political Stability - Governance score (0-100)","GOV_WGI_PV_SC","","","","","","","","","","","","","","","","","","","","","","","","","","","","","","","","","","","","","","","","","","","","","","","","","","","","","","","","","","","","","","","","","","",
"Pacific island small states","PSS","Political Stability - Governance score (0-100)","GOV_WGI_PV_SC","","","","","","","","","","","","","","","","","","","","","","","","","","","","","","","","","","","","","","","","","","","","","","","","","","","","","","","","","","","","","","","","","","",
"Post-demographic dividend","PST","Political Stability - Governance score (0-100)","GOV_WGI_PV_SC","","","","","","","","","","","","","","","","","","","","","","","","","","","","","","","","","","","","","","","","","","","","","","","","","","","","","","","","","","","","","","","","","","",
"Post-demographic dividend","PST","Political Stability - Governance score (0-100)","GOV_WGI_PV_SC","","","","","","","","","","","","","","","","","","","","","","","","","","","","","","","","","","","","","","","","","","","","","","","","","","","","","","","","","","","","","","","","","","",
"French Polynesia","PYF","Political Stability - Governance score (0-100)","GOV_WGI_PV_SC","","","","","","","","","","","","","","","","","","","","","","","","","","","","","","","","","","","","","","","","","","","","","","","","","","","","","","","","","","","","81.3247888","82.152599","83.6360762","83.7947301","83.8205251","83.4942443","",
"French Polynesia","PYF","Political Stability - Governance score (0-100)","GOV_WGI_PV_SC","","","","","","","","","","","","","","","","","","","","","","","","","","","","","","","","","","","","","","","","","","","","","","","","","","","","","","","","","","","","81.3247888","82.152599","83.6360762","83.7947301","83.8205251","83.4942443","",
"Qatar","QAT","Political Stability - Governance score (0-100)","GOV_WGI_PV_SC","","","","","","","","","","","","","","","","","","","","","","","","","","","","","","","","","","","","","71.1291317","","84.1316152","","84.1125316","","81.1047675","85.9785786","82.7746972","84.2668331","83.4827962","83.3694273","84.1214567","88.5318132","85.9920338","84.5283832","85.6499798","84.890976","84.781459","82.4182162","80.0590627","80.1699718","80.7676587","80.9649085","81.1056934","81.7111268","81.5465746","83.2273545","82.1419879","",
"Qatar","QAT","Political Stability - Governance score (0-100)","GOV_WGI_PV_SC","","","","","","","","","","","","","","","","","","","","","","","","","","","","","","","","","","","","","71.1291317","","84.1316152","","84.1125316","","81.1047675","85.9785786","82.7746972","84.2668331","83.4827962","83.3694273","84.1214567","88.5318132","85.9920338","84.5283832","85.6499798","84.890976","84.781459","82.4182162","80.0590627","80.1699718","80.7676587","80.9649085","81.1056934","81.7111268","81.5465746","83.2273545","82.1419879","",
"Romania","ROU","Political Stability - Governance score (0-100)","GOV_WGI_PV_SC","","","","","","","","","","","","","","","","","","","","","","","","","","","","","","","","","","","","","74.2349988","","71.7717176","","61.0960334","","71.9713656","69.8189405","66.4061597","68.3344572","68.4605946","69.2948958","70.034401","72.5631713","69.1974845","67.9564738","66.7110748","68.3517694","69.4153177","71.8192335","71.4403773","68.2557605","68.3464656","76.9166376","76.4522333","77.2911551","75.2876354","74.4071574","68.6083999","",
"Romania","ROU","Political Stability - Governance score (0-100)","GOV_WGI_PV_SC","","","","","","","","","","","","","","","","","","","","","","","","","","","","","","","","","","","","","74.2349988","","71.7717176","","61.0960334","","71.9713656","69.8189405","66.4061597","68.3344572","68.4605946","69.2948958","70.034401","72.5631713","69.1974845","67.9564738","66.7110748","68.3517694","69.4153177","71.8192335","71.4403773","68.2557605","68.3464656","76.9166376","76.4522333","77.2911551","75.2876354","74.4071574","68.6083999","",
"Russian Federation","RUS","Political Stability - Governance score (0-100)","GOV_WGI_PV_SC","","","","","","","","","","","","","","","","","","","","","","","","","","","","","","","","","","","","","41.9768919","","43.5733468","","43.5037136","","51.3223055","48.5468597","45.2370144","47.109467","53.9993885","55.2729893","58.0015306","54.0240373","53.7171066","49.8278414","50.4936634","51.7515524","53.9430825","52.3898713","52.7678581","56.6939051","59.6065913","59.0848287","57.2357693","57.2478665","53.2379591","51.9145331","50.464845","",
"Russian Federation","RUS","Political Stability - Governance score (0-100)","GOV_WGI_PV_SC","","","","","","","","","","","","","","","","","","","","","","","","","","","","","","","","","","","","","41.9768919","","43.5733468","","43.5037136","","51.3223055","48.5468597","45.2370144","47.109467","53.9993885","55.2729893","58.0015306","54.0240373","53.7171066","49.8278414","50.4936634","51.7515524","53.9430825","52.3898713","52.7678581","56.6939051","59.6065913","59.0848287","57.2357693","57.2478665","53.2379591","51.9145331","50.464845","",
"Rwanda","RWA","Political Stability - Governance score (0-100)","GOV_WGI_PV_SC","","","","","","","","","","","","","","","","","","","","","","","","","","","","","","","","","","","","","30.1571965","","27.9866222","","30.3841666","","32.4789823","44.9002882","44.398617","46.7699445","55.2088649","59.5490399","61.6461378","62.147218","62.1559364","60.7557559","61.4811517","60.6160677","63.7299769","67.5797255","65.1124437","67.5078017","68.6247949","67.9716355","68.6289064","67.8627573","66.3975643","66.543875","65.1481169","",
"Rwanda","RWA","Political Stability - Governance score (0-100)","GOV_WGI_PV_SC","","","","","","","","","","","","","","","","","","","","","","","","","","","","","","","","","","","","","30.1571965","","27.9866222","","30.3841666","","32.4789823","44.9002882","44.398617","46.7699445","55.2088649","59.5490399","61.6461378","62.147218","62.1559364","60.7557559","61.4811517","60.6160677","63.7299769","67.5797255","65.1124437","67.5078017","68.6247949","67.9716355","68.6289064","67.8627573","66.3975643","66.543875","65.1481169","",
"South Asia","SAS","Political Stability - Governance score (0-100)","GOV_WGI_PV_SC","","","","","","","","","","","","","","","","","","","","","","","","","","","","","","","","","","","","","","","","","","","","","","","","","","","","","","","","","","","","","","","","","","",
"South Asia","SAS","Political Stability - Governance score (0-100)","GOV_WGI_PV_SC","","","","","","","","","","","","","","","","","","","","","","","","","","","","","","","","","","","","","","","","","","","","","","","","","","","","","","","","","","","","","","","","","","",
"Saudi Arabia","SAU","Political Stability - Governance score (0-100)","GOV_WGI_PV_SC","","","","","","","","","","","","","","","","","","","","","","","","","","","","","","","","","","","","","60.7628294","","64.1996338","","67.9028154","","64.7826168","66.9852499","51.2379873","58.5465311","55.5042673","56.4674885","59.8681721","53.7912817","60.8521372","57.132535","55.6929455","54.6158054","60.6225587","57.894166","57.2526665","54.4923157","55.6728063","56.4504428","56.4512285","57.9136458","59.7146785","61.7058738","65.0715555","",
"Saudi Arabia","SAU","Political Stability - Governance score (0-100)","GOV_WGI_PV_SC","","","","","","","","","","","","","","","","","","","","","","","","","","","","","","","","","","","","","60.7628294","","64.1996338","","67.9028154","","64.7826168","66.9852499","51.2379873","58.5465311","55.5042673","56.4674885","59.8681721","53.7912817","60.8521372","57.132535","55.6929455","54.6158054","60.6225587","57.894166","57.2526665","54.4923157","55.6728063","56.4504428","56.4512285","57.9136458","59.7146785","61.7058738","65.0715555","",
"Sudan","SDN","Political Stability - Governance score (0-100)","GOV_WGI_PV_SC","","","","","","","","","","","","","","","","","","","","","","","","","","","","","","","","","","","","","21.1328384","","24.2024345","","23.5247903","","27.9708063","28.1709839","37.1627776","29.8520405","27.293649","25.5432837","24.7294992","24.22661","24.3768735","25.8573699","26.3403522","27.3375077","27.9107115","31.1066875","28.9596277","32.6307711","36.5746786","37.6186719","42.1827508","35.4439074","33.0000155","30.6992008","31.3154588","",
"Sudan","SDN","Political Stability - Governance score (0-100)","GOV_WGI_PV_SC","","","","","","","","","","","","","","","","","","","","","","","","","","","","","","","","","","","","","21.1328384","","24.2024345","","23.5247903","","27.9708063","28.1709839","37.1627776","29.8520405","27.293649","25.5432837","24.7294992","24.22661","24.3768735","25.8573699","26.3403522","27.3375077","27.9107115","31.1066875","28.9596277","32.6307711","36.5746786","37.6186719","42.1827508","35.4439074","33.0000155","30.6992008","31.3154588","",
"Senegal","SEN","Political Stability - Governance score (0-100)","GOV_WGI_PV_SC","","","","","","","","","","","","","","","","","","","","","","","","","","","","","","","","","","","","","52.3990971","","50.4803278","","55.8413471","","57.6622969","57.7384467","62.5117906","61.4426276","60.9087097","62.2486502","62.7525609","65.4276983","58.5066489","60.1897708","63.2119141","64.2330949","64.3725662","64.6200649","62.1005425","63.4650532","63.4671559","66.9717571","65.4314614","64.1169076","62.4291822","63.2735206","61.990291","",
"Senegal","SEN","Political Stability - Governance score (0-100)","GOV_WGI_PV_SC","","","","","","","","","","","","","","","","","","","","","","","","","","","","","","","","","","","","","52.3990971","","50.4803278","","55.8413471","","57.6622969","57.7384467","62.5117906","61.4426276","60.9087097","62.2486502","62.7525609","65.4276983","58.5066489","60.1897708","63.2119141","64.2330949","64.3725662","64.6200649","62.1005425","63.4650532","63.4671559","66.9717571","65.4314614","64.1169076","62.4291822","63.2735206","61.990291","",
"Singapore","SGP","Political Stability - Governance score (0-100)","GOV_WGI_PV_SC","","","","","","","","","","","","","","","","","","","","","","","","","","","","","","","","","","","","","85.8876225","","83.1052501","","84.7618271","","85.4365504","80.9370621","83.5737318","85.3360029","86.8719839","85.3911645","87.916399","86.8829793","86.2237781","85.0064852","87.3627365","86.9501646","84.1124633","84.8949902","87.7393927","89.569172","88.0907851","87.3842662","87.8537403","87.7872673","85.7908535","86.461279","86.9368376","",
"Singapore","SGP","Political Stability - Governance score (0-100)","GOV_WGI_PV_SC","","","","","","","","","","","","","","","","","","","","","","","","","","","","","","","","","","","","","85.8876225","","83.1052501","","84.7618271","","85.4365504","80.9370621","83.5737318","85.3360029","86.8719839","85.3911645","87.916399","86.8829793","86.2237781","85.0064852","87.3627365","86.9501646","84.1124633","84.8949902","87.7393927","89.569172","88.0907851","87.3842662","87.8537403","87.7872673","85.7908535","86.461279","86.9368376","",
"Solomon Islands","SLB","Political Stability - Governance score (0-100)","GOV_WGI_PV_SC","","","","","","","","","","","","","","","","","","","","","","","","","","","","","","","","","","","","","78.0959598","","74.8032285","","52.205168","","56.9576245","65.8330686","61.8740644","63.1875472","64.7451552","68.0081747","67.9975072","71.4778116","71.9965285","71.9138348","71.9051044","71.8784332","75.3802689","76.1777781","72.05395","67.8696703","72.4136288","73.0612794","75.0640116","73.5059629","78.3898521","78.3963449","78.7040835","",
"Solomon Islands","SLB","Political Stability - Governance score (0-100)","GOV_WGI_PV_SC","","","","","","","","","","","","","","","","","","","","","","","","","","","","","","","","","","","","","78.0959598","","74.8032285","","52.205168","","56.9576245","65.8330686","61.8740644","63.1875472","64.7451552","68.0081747","67.9975072","71.4778116","71.9965285","71.9138348","71.9051044","71.8784332","75.3802689","76.1777781","72.05395","67.8696703","72.4136288","73.0612794","75.0640116","73.5059629","78.3898521","78.3963449","78.7040835","",
"Sierra Leone","SLE","Political Stability - Governance score (0-100)","GOV_WGI_PV_SC","","","","","","","","","","","","","","","","","","","","","","","","","","","","","","","","","","","","","30.8808568","","26.3550885","","28.596133","","49.0228078","48.6087293","58.9398845","58.510547","61.7622585","63.2417454","61.1344328","61.2080972","61.8379231","61.3850011","61.4746248","64.1529241","63.5936418","65.4793702","61.276082","63.3817309","62.3661631","63.1423801","59.627149","61.8507941","61.360477","56.3988529","58.2050494","",
"Sierra Leone","SLE","Political Stability - Governance score (0-100)","GOV_WGI_PV_SC","","","","","","","","","","","","","","","","","","","","","","","","","","","","","","","","","","","","","30.8808568","","26.3550885","","28.596133","","49.0228078","48.6087293","58.9398845","58.510547","61.7622585","63.2417454","61.1344328","61.2080972","61.8379231","61.3850011","61.4746248","64.1529241","63.5936418","65.4793702","61.276082","63.3817309","62.3661631","63.1423801","59.627149","61.8507941","61.360477","56.3988529","58.2050494","",
"El Salvador","SLV","Political Stability - Governance score (0-100)","GOV_WGI_PV_SC","","","","","","","","","","","","","","","","","","","","","","","","","","","","","","","","","","","","","58.7574103","","61.4096464","","65.5818393","","65.4443922","60.5493385","63.3848636","64.70213","62.3107418","65.7302391","66.8570269","63.2527135","66.532444","66.2860095","69.2463755","63.8876178","64.1791153","63.4839557","61.6051676","60.1543384","58.7190176","62.2422412","63.3356789","62.1021567","64.1882591","67.2989159","65.9991479","",
"El Salvador","SLV","Political Stability - Governance score (0-100)","GOV_WGI_PV_SC","","","","","","","","","","","","","","","","","","","","","","","","","","","","","","","","","","","","","58.7574103","","61.4096464","","65.5818393","","65.4443922","60.5493385","63.3848636","64.70213","62.3107418","65.7302391","66.8570269","63.2527135","66.532444","66.2860095","69.2463755","63.8876178","64.1791153","63.4839557","61.6051676","60.1543384","58.7190176","62.2422412","63.3356789","62.1021567","64.1882591","67.2989159","65.9991479","",
"San Marino","SMR","Political Stability - Governance score (0-100)","GOV_WGI_PV_SC","","","","","","","","","","","","","","","","","","","","","","","","","","","","","","","","","","","","","","","","","","","","82.1460909","82.0790764","82.4735879","82.6401711","82.9152703","82.8813889","93.0361937","92.8512136","92.6829837","92.6652257","92.610966","92.7983956","88.5970547","88.5195742","88.5290665","88.5958436","86.5067331","86.498826","86.4678024","89.4436154","89.4522962","89.3424803","",
"San Marino","SMR","Political Stability - Governance score (0-100)","GOV_WGI_PV_SC","","","","","","","","","","","","","","","","","","","","","","","","","","","","","","","","","","","","","","","","","","","","82.1460909","82.0790764","82.4735879","82.6401711","82.9152703","82.8813889","93.0361937","92.8512136","92.6829837","92.6652257","92.610966","92.7983956","88.5970547","88.5195742","88.5290665","88.5958436","86.5067331","86.498826","86.4678024","89.4436154","89.4522962","89.3424803","",
"Somalia, Fed. Rep.","SOM","Political Stability - Governance score (0-100)","GOV_WGI_PV_SC","","","","","","","","","","","","","","","","","","","","","","","","","","","","","","","","","","","","","18.1519591","","23.9442563","","25.1601007","","27.5053737","21.8898386","20.7562079","21.507964","21.1269231","13.7631732","14.4324355","16.6905018","15.8830733","14.3675459","16.3338653","17.1885039","24.2667996","26.9217159","27.1161421","31.342142","30.681055","30.5271191","25.739746","21.3633187","30.1450293","28.7966163","27.2373976","",
"Somalia, Fed. Rep.","SOM","Political Stability - Governance score (0-100)","GOV_WGI_PV_SC","","","","","","","","","","","","","","","","","","","","","","","","","","","","","","","","","","","","","18.1519591","","23.9442563","","25.1601007","","27.5053737","21.8898386","20.7562079","21.507964","21.1269231","13.7631732","14.4324355","16.6905018","15.8830733","14.3675459","16.3338653","17.1885039","24.2667996","26.9217159","27.1161421","31.342142","30.681055","30.5271191","25.739746","21.3633187","30.1450293","28.7966163","27.2373976","",
"Serbia","SRB","Political Stability - Governance score (0-100)","GOV_WGI_PV_SC","","","","","","","","","","","","","","","","","","","","","","","","","","","","","","","","","","","","","43.0879355","","32.5910974","","35.2607431","","55.5239641","54.2936345","55.4955813","53.2778617","55.7472855","59.2733617","61.7281209","62.2349081","62.1032448","62.544372","63.9822943","65.4942431","68.8537191","70.6565282","68.6769894","67.8903732","67.8822269","66.9547627","64.7301661","65.1480742","64.9961283","67.3968379","63.0137693","",
"Serbia","SRB","Political Stability - Governance score (0-100)","GOV_WGI_PV_SC","","","","","","","","","","","","","","","","","","","","","","","","","","","","","","","","","","","","","43.0879355","","32.5910974","","35.2607431","","55.5239641","54.2936345","55.4955813","53.2778617","55.7472855","59.2733617","61.7281209","62.2349081","62.1032448","62.544372","63.9822943","65.4942431","68.8537191","70.6565282","68.6769894","67.8903732","67.8822269","66.9547627","64.7301661","65.1480742","64.9961283","67.3968379","63.0137693","",
"Sub-Saharan Africa (excluding high income)","SSA","Political Stability - Governance score (0-100)","GOV_WGI_PV_SC","","","","","","","","","","","","","","","","","","","","","","","","","","","","","","","","","","","","","","","","","","","","","","","","","","","","","","","","","","","","","","","","","","",
"Sub-Saharan Africa (excluding high income)","SSA","Political Stability - Governance score (0-100)","GOV_WGI_PV_SC","","","","","","","","","","","","","","","","","","","","","","","","","","","","","","","","","","","","","","","","","","","","","","","","","","","","","","","","","","","","","","","","","","",
"South Sudan","SSD","Political Stability - Governance score (0-100)","GOV_WGI_PV_SC","","","","","","","","","","","","","","","","","","","","","","","","","","","","","","","","","","","","","","","","","","","","","","","","","","","","40.0777766","40.3000441","30.5847985","23.137629","26.9607576","26.0356745","24.1204513","26.0816462","25.0497946","29.9289761","27.9819965","37.8369371","39.765168","40.4488488","",
"South Sudan","SSD","Political Stability - Governance score (0-100)","GOV_WGI_PV_SC","","","","","","","","","","","","","","","","","","","","","","","","","","","","","","","","","","","","","","","","","","","","","","","","","","","","40.0777766","40.3000441","30.5847985","23.137629","26.9607576","26.0356745","24.1204513","26.0816462","25.0497946","29.9289761","27.9819965","37.8369371","39.765168","40.4488488","",
"Sub-Saharan Africa","SSF","Political Stability - Governance score (0-100)","GOV_WGI_PV_SC","","","","","","","","","","","","","","","","","","","","","","","","","","","","","","","","","","","","","","","","","","","","","","","","","","","","","","","","","","","","","","","","","","",
"Sub-Saharan Africa","SSF","Political Stability - Governance score (0-100)","GOV_WGI_PV_SC","","","","","","","","","","","","","","","","","","","","","","","","","","","","","","","","","","","","","","","","","","","","","","","","","","","","","","","","","","","","","","","","","","",
"Small states","SST","Political Stability - Governance score (0-100)","GOV_WGI_PV_SC","","","","","","","","","","","","","","","","","","","","","","","","","","","","","","","","","","","","","","","","","","","","","","","","","","","","","","","","","","","","","","","","","","",
"Small states","SST","Political Stability - Governance score (0-100)","GOV_WGI_PV_SC","","","","","","","","","","","","","","","","","","","","","","","","","","","","","","","","","","","","","","","","","","","","","","","","","","","","","","","","","","","","","","","","","","",
"Sao Tome and Principe","STP","Political Stability - Governance score (0-100)","GOV_WGI_PV_SC","","","","","","","","","","","","","","","","","","","","","","","","","","","","","","","","","","","","","80.3438574","","80.3500119","","81.3208805","","73.6224526","68.4314909","71.6343781","74.3214403","72.8202016","73.9501426","72.1242989","74.0520583","72.2311904","70.8215467","70.8145826","72.6107761","74.0798364","72.3720197","70.4071061","69.5584085","73.8646902","74.8322433","74.0059687","76.2333377","74.3168761","76.4730831","74.2475128","",
"Sao Tome and Principe","STP","Political Stability - Governance score (0-100)","GOV_WGI_PV_SC","","","","","","","","","","","","","","","","","","","","","","","","","","","","","","","","","","","","","80.3438574","","80.3500119","","81.3208805","","73.6224526","68.4314909","71.6343781","74.3214403","72.8202016","73.9501426","72.1242989","74.0520583","72.2311904","70.8215467","70.8145826","72.6107761","74.0798364","72.3720197","70.4071061","69.5584085","73.8646902","74.8322433","74.0059687","76.2333377","74.3168761","76.4730831","74.2475128","",
"Suriname","SUR","Political Stability - Governance score (0-100)","GOV_WGI_PV_SC","","","","","","","","","","","","","","","","","","","","","","","","","","","","","","","","","","","","","71.8069723","","73.0229927","","68.9225032","","73.4982335","73.279987","69.1774222","72.1949416","66.5266926","67.2051875","69.3315","70.2307079","68.1284702","67.2584274","67.0131732","66.8674757","69.7308319","70.9866148","68.8994926","68.7426699","68.4514764","68.1517746","73.8012765","72.0572622","70.1077306","71.0267617","74.0632877","",
"Suriname","SUR","Political Stability - Governance score (0-100)","GOV_WGI_PV_SC","","","","","","","","","","","","","","","","","","","","","","","","","","","","","","","","","","","","","71.8069723","","73.0229927","","68.9225032","","73.4982335","73.279987","69.1774222","72.1949416","66.5266926","67.2051875","69.3315","70.2307079","68.1284702","67.2584274","67.0131732","66.8674757","69.7308319","70.9866148","68.8994926","68.7426699","68.4514764","68.1517746","73.8012765","72.0572622","70.1077306","71.0267617","74.0632877","",
"Slovak Republic","SVK","Political Stability - Governance score (0-100)","GOV_WGI_PV_SC","","","","","","","","","","","","","","","","","","","","","","","","","","","","","","","","","","","","","84.1231444","","87.2836111","","80.9259676","","83.1829902","81.9318569","74.9639476","82.009105","80.6878091","85.1442432","85.0944247","81.7570916","85.1376702","82.1264437","83.2360661","83.6238356","85.4044216","82.023404","78.4570512","80.4863777","78.0728296","77.4158832","76.4289186","75.9000466","74.9386617","75.8978448","76.7304703","",
"Slovak Republic","SVK","Political Stability - Governance score (0-100)","GOV_WGI_PV_SC","","","","","","","","","","","","","","","","","","","","","","","","","","","","","","","","","","","","","84.1231444","","87.2836111","","80.9259676","","83.1829902","81.9318569","74.9639476","82.009105","80.6878091","85.1442432","85.0944247","81.7570916","85.1376702","82.1264437","83.2360661","83.6238356","85.4044216","82.023404","78.4570512","80.4863777","78.0728296","77.4158832","76.4289186","75.9000466","74.9386617","75.8978448","76.7304703","",
"Slovenia","SVN","Political Stability - Governance score (0-100)","GOV_WGI_PV_SC","","","","","","","","","","","","","","","","","","","","","","","","","","","","","","","","","","","","","87.8864225","","88.21291","","85.0078432","","88.4022749","85.46803","82.05377","85.014874","85.1434574","86.2372897","86.7077391","85.8266958","84.262257","84.9170767","82.6775029","81.0802725","83.9074704","83.4784985","83.3247572","82.0452155","82.7029921","82.0895081","78.6691619","78.460254","79.1318068","80.5665468","78.2087684","",
"Slovenia","SVN","Political Stability - Governance score (0-100)","GOV_WGI_PV_SC","","","","","","","","","","","","","","","","","","","","","","","","","","","","","","","","","","","","","87.8864225","","88.21291","","85.0078432","","88.4022749","85.46803","82.05377","85.014874","85.1434574","86.2372897","86.7077391","85.8266958","84.262257","84.9170767","82.6775029","81.0802725","83.9074704","83.4784985","83.3247572","82.0452155","82.7029921","82.0895081","78.6691619","78.460254","79.1318068","80.5665468","78.2087684","",
"Sweden","SWE","Political Stability - Governance score (0-100)","GOV_WGI_PV_SC","","","","","","","","","","","","","","","","","","","","","","","","","","","","","","","","","","","","","92.4103563","","92.0201152","","91.1316516","","89.5944374","88.944409","86.2689709","87.7036955","86.778182","87.8835084","85.9405396","85.8645896","84.4547068","85.6641815","85.6209343","83.8290009","83.2881309","81.7607898","81.5881358","80.7023028","81.7624997","81.9975459","82.2208844","82.0733011","81.9836432","79.1975949","76.2033355","",
"Sweden","SWE","Political Stability - Governance score (0-100)","GOV_WGI_PV_SC","","","","","","","","","","","","","","","","","","","","","","","","","","","","","","","","","","","","","92.4103563","","92.0201152","","91.1316516","","89.5944374","88.944409","86.2689709","87.7036955","86.778182","87.8835084","85.9405396","85.8645896","84.4547068","85.6641815","85.6209343","83.8290009","83.2881309","81.7607898","81.5881358","80.7023028","81.7624997","81.9975459","82.2208844","82.0733011","81.9836432","79.1975949","76.2033355","",
"Eswatini","SWZ","Political Stability - Governance score (0-100)","GOV_WGI_PV_SC","","","","","","","","","","","","","","","","","","","","","","","","","","","","","","","","","","","","","61.4179378","","63.2244845","","60.9437799","","62.8109048","61.7603419","60.93706","57.7121598","61.768261","64.2010635","62.9485381","66.7646308","65.8663009","56.6733235","56.9131064","56.5446939","59.1025969","58.2716249","58.2348978","59.3977021","56.553976","60.4579416","62.5658248","58.5724729","59.04749","53.4899964","53.3772886","",
"Eswatini","SWZ","Political Stability - Governance score (0-100)","GOV_WGI_PV_SC","","","","","","","","","","","","","","","","","","","","","","","","","","","","","","","","","","","","","61.4179378","","63.2244845","","60.9437799","","62.8109048","61.7603419","60.93706","57.7121598","61.768261","64.2010635","62.9485381","66.7646308","65.8663009","56.6733235","56.9131064","56.5446939","59.1025969","58.2716249","58.2348978","59.3977021","56.553976","60.4579416","62.5658248","58.5724729","59.04749","53.4899964","53.3772886","",
"Sint Maarten (Dutch part)","SXM","Political Stability - Governance score (0-100)","GOV_WGI_PV_SC","","","","","","","","","","","","","","","","","","","","","","","","","","","","","","","","","","","","","","","","","","","","","","","","","","","","","","","","","","","","","","","","","","",
"Sint Maarten (Dutch part)","SXM","Political Stability - Governance score (0-100)","GOV_WGI_PV_SC","","","","","","","","","","","","","","","","","","","","","","","","","","","","","","","","","","","","","","","","","","","","","","","","","","","","","","","","","","","","","","","","","","",
"Seychelles","SYC","Political Stability - Governance score (0-100)","GOV_WGI_PV_SC","","","","","","","","","","","","","","","","","","","","","","","","","","","","","","","","","","","","","79.0575992","","78.9998805","","83.0614649","","78.6821866","73.4912249","74.0420126","78.934774","79.6034964","78.5098418","77.9310523","76.8604886","80.5244492","79.1374865","78.2910812","78.4175192","73.7163758","78.9575386","78.9208115","79.7906681","79.2192253","77.7180174","78.3197031","78.2992291","80.2632459","81.6228849","81.5487286","",
"Seychelles","SYC","Political Stability - Governance score (0-100)","GOV_WGI_PV_SC","","","","","","","","","","","","","","","","","","","","","","","","","","","","","","","","","","","","","79.0575992","","78.9998805","","83.0614649","","78.6821866","73.4912249","74.0420126","78.934774","79.6034964","78.5098418","77.9310523","76.8604886","80.5244492","79.1374865","78.2910812","78.4175192","73.7163758","78.9575386","78.9208115","79.7906681","79.2192253","77.7180174","78.3197031","78.2992291","80.2632459","81.6228849","81.5487286","",
"Syrian Arab Republic","SYR","Political Stability - Governance score (0-100)","GOV_WGI_PV_SC","","","","","","","","","","","","","","","","","","","","","","","","","","","","","","","","","","","","","58.6220027","","60.7125139","","59.0352544","","67.0849057","65.4226934","59.4281586","57.9691388","56.7979918","56.2746594","55.7338064","56.9008231","46.8058091","29.4463542","23.951639","23.7713239","25.7574443","24.2458029","21.5585068","24.1233979","24.4910213","23.9982444","25.6898456","25.3337284","24.2452239","24.2511221","25.4439405","",
"Syrian Arab Republic","SYR","Political Stability - Governance score (0-100)","GOV_WGI_PV_SC","","","","","","","","","","","","","","","","","","","","","","","","","","","","","","","","","","","","","58.6220027","","60.7125139","","59.0352544","","67.0849057","65.4226934","59.4281586","57.9691388","56.7979918","56.2746594","55.7338064","56.9008231","46.8058091","29.4463542","23.951639","23.7713239","25.7574443","24.2458029","21.5585068","24.1233979","24.4910213","23.9982444","25.6898456","25.3337284","24.2452239","24.2511221","25.4439405","",
"Turks and Caicos Islands","TCA","Political Stability - Governance score (0-100)","GOV_WGI_PV_SC","","","","","","","","","","","","","","","","","","","","","","","","","","","","","","","","","","","","","","","","","","","","","","","","","","","","","","","","","","","","","","","","","","",
"Turks and Caicos Islands","TCA","Political Stability - Governance score (0-100)","GOV_WGI_PV_SC","","","","","","","","","","","","","","","","","","","","","","","","","","","","","","","","","","","","","","","","","","","","","","","","","","","","","","","","","","","","","","","","","","",
"Chad","TCD","Political Stability - Governance score (0-100)","GOV_WGI_PV_SC","","","","","","","","","","","","","","","","","","","","","","","","","","","","","","","","","","","","","43.2696035","","40.3797708","","40.4747018","","36.1980208","40.4183188","40.2011707","40.4208213","35.6711046","36.483591","34.730988","47.618666","47.2797756","46.1936404","45.8633403","45.5821481","43.1917592","46.7159018","42.9758871","42.5316168","42.657761","41.0898392","41.0848275","37.038907","37.7241132","37.1304216","35.5073843","",
"Chad","TCD","Political Stability - Governance score (0-100)","GOV_WGI_PV_SC","","","","","","","","","","","","","","","","","","","","","","","","","","","","","","","","","","","","","43.2696035","","40.3797708","","40.4747018","","36.1980208","40.4183188","40.2011707","40.4208213","35.6711046","36.483591","34.730988","47.618666","47.2797756","46.1936404","45.8633403","45.5821481","43.1917592","46.7159018","42.9758871","42.5316168","42.657761","41.0898392","41.0848275","37.038907","37.7241132","37.1304216","35.5073843","",
"East Asia & Pacific (IDA & IBRD countries)","TEA","Political Stability - Governance score (0-100)","GOV_WGI_PV_SC","","","","","","","","","","","","","","","","","","","","","","","","","","","","","","","","","","","","","","","","","","","","","","","","","","","","","","","","","","","","","","","","","","",
"East Asia & Pacific (IDA & IBRD countries)","TEA","Political Stability - Governance score (0-100)","GOV_WGI_PV_SC","","","","","","","","","","","","","","","","","","","","","","","","","","","","","","","","","","","","","","","","","","","","","","","","","","","","","","","","","","","","","","","","","","",
"Europe & Central Asia (IDA & IBRD countries)","TEC","Political Stability - Governance score (0-100)","GOV_WGI_PV_SC","","","","","","","","","","","","","","","","","","","","","","","","","","","","","","","","","","","","","","","","","","","","","","","","","","","","","","","","","","","","","","","","","","",
"Europe & Central Asia (IDA & IBRD countries)","TEC","Political Stability - Governance score (0-100)","GOV_WGI_PV_SC","","","","","","","","","","","","","","","","","","","","","","","","","","","","","","","","","","","","","","","","","","","","","","","","","","","","","","","","","","","","","","","","","","",
"Togo","TGO","Political Stability - Governance score (0-100)","GOV_WGI_PV_SC","","","","","","","","","","","","","","","","","","","","","","","","","","","","","","","","","","","","","58.9501215","","55.8959211","","58.4722569","","61.8368573","56.7422238","54.3251261","34.2055238","49.9202323","56.3119469","59.8780042","58.7453746","59.4153542","59.3177841","54.7722968","57.2523351","60.7675952","58.8716862","61.1081459","51.6162525","50.9850122","51.3671208","52.1008968","54.4799059","52.9056229","50.2031737","52.0677499","",
"Togo","TGO","Political Stability - Governance score (0-100)","GOV_WGI_PV_SC","","","","","","","","","","","","","","","","","","","","","","","","","","","","","","","","","","","","","58.9501215","","55.8959211","","58.4722569","","61.8368573","56.7422238","54.3251261","34.2055238","49.9202323","56.3119469","59.8780042","58.7453746","59.4153542","59.3177841","54.7722968","57.2523351","60.7675952","58.8716862","61.1081459","51.6162525","50.9850122","51.3671208","52.1008968","54.4799059","52.9056229","50.2031737","52.0677499","",
"Thailand","THA","Political Stability - Governance score (0-100)","GOV_WGI_PV_SC","","","","","","","","","","","","","","","","","","","","","","","","","","","","","","","","","","","","","73.7595376","","74.3466527","","75.7318424","","70.748622","63.0758797","55.6581401","51.8584491","47.9619977","48.2506357","45.9991698","46.8877802","44.8294389","46.4439712","45.0327833","42.700846","46.4756098","46.1476533","46.6539451","49.0742678","49.1566626","55.8413351","53.3677964","53.9991989","56.2063996","58.3805816","54.2220045","",
"Thailand","THA","Political Stability - Governance score (0-100)","GOV_WGI_PV_SC","","","","","","","","","","","","","","","","","","","","","","","","","","","","","","","","","","","","","73.7595376","","74.3466527","","75.7318424","","70.748622","63.0758797","55.6581401","51.8584491","47.9619977","48.2506357","45.9991698","46.8877802","44.8294389","46.4439712","45.0327833","42.700846","46.4756098","46.1476533","46.6539451","49.0742678","49.1566626","55.8413351","53.3677964","53.9991989","56.2063996","58.3805816","54.2220045","",
"Tajikistan","TJK","Political Stability - Governance score (0-100)","GOV_WGI_PV_SC","","","","","","","","","","","","","","","","","","","","","","","","","","","","","","","","","","","","","24.8925567","","26.8367093","","34.1591319","","47.5809772","46.2776665","46.1348882","45.2793153","45.0163491","55.5413514","53.8342829","52.5600194","51.0308865","48.8242137","47.6082309","47.893702","55.3850873","53.1753944","53.1499018","54.7341724","54.4066908","58.6574931","60.2763779","59.0878624","58.5798846","60.9812928","61.1858126","",
"Tajikistan","TJK","Political Stability - Governance score (0-100)","GOV_WGI_PV_SC","","","","","","","","","","","","","","","","","","","","","","","","","","","","","","","","","","","","","24.8925567","","26.8367093","","34.1591319","","47.5809772","46.2776665","46.1348882","45.2793153","45.0163491","55.5413514","53.8342829","52.5600194","51.0308865","48.8242137","47.6082309","47.893702","55.3850873","53.1753944","53.1499018","54.7341724","54.4066908","58.6574931","60.2763779","59.0878624","58.5798846","60.9812928","61.1858126","",
"Turkmenistan","TKM","Political Stability - Governance score (0-100)","GOV_WGI_PV_SC","","","","","","","","","","","","","","","","","","","","","","","","","","","","","","","","","","","","","72.751344","","70.3713407","","68.4133878","","67.1960266","65.3317766","61.3197135","65.9362227","60.8923233","68.4129881","71.3405473","71.4137078","71.060807","69.8697651","69.8590669","69.8971401","66.1466561","63.7354293","61.1912377","61.9840955","63.6450061","62.1538251","63.7248541","62.0581562","69.4932166","69.434034","70.0894499","",
"Turkmenistan","TKM","Political Stability - Governance score (0-100)","GOV_WGI_PV_SC","","","","","","","","","","","","","","","","","","","","","","","","","","","","","","","","","","","","","72.751344","","70.3713407","","68.4133878","","67.1960266","65.3317766","61.3197135","65.9362227","60.8923233","68.4129881","71.3405473","71.4137078","71.060807","69.8697651","69.8590669","69.8971401","66.1466561","63.7354293","61.1912377","61.9840955","63.6450061","62.1538251","63.7248541","62.0581562","69.4932166","69.434034","70.0894499","",
"Latin America & the Caribbean (IDA & IBRD countries)","TLA","Political Stability - Governance score (0-100)","GOV_WGI_PV_SC","","","","","","","","","","","","","","","","","","","","","","","","","","","","","","","","","","","","","","","","","","","","","","","","","","","","","","","","","","","","","","","","","","",
"Latin America & the Caribbean (IDA & IBRD countries)","TLA","Political Stability - Governance score (0-100)","GOV_WGI_PV_SC","","","","","","","","","","","","","","","","","","","","","","","","","","","","","","","","","","","","","","","","","","","","","","","","","","","","","","","","","","","","","","","","","","",
"Timor-Leste","TLS","Political Stability - Governance score (0-100)","GOV_WGI_PV_SC","","","","","","","","","","","","","","","","","","","","","","","","","","","","","","","","","","","","","","","","","69.9750783","","51.7800924","57.105599","57.2096635","52.1628415","46.2027893","47.3873436","52.5067419","54.8317801","55.7876186","55.7879807","58.7097731","56.8529075","59.7429469","58.5961138","63.9026787","67.0955373","70.1429921","70.4663366","70.4606552","70.4383689","73.1354852","73.3392448","74.8794996","",
"Timor-Leste","TLS","Political Stability - Governance score (0-100)","GOV_WGI_PV_SC","","","","","","","","","","","","","","","","","","","","","","","","","","","","","","","","","","","","","","","","","69.9750783","","51.7800924","57.105599","57.2096635","52.1628415","46.2027893","47.3873436","52.5067419","54.8317801","55.7876186","55.7879807","58.7097731","56.8529075","59.7429469","58.5961138","63.9026787","67.0955373","70.1429921","70.4663366","70.4606552","70.4383689","73.1354852","73.3392448","74.8794996","",
"Middle East, North Africa, Afghanistan & Pakistan (IDA & IBRD)","TMN","Political Stability - Governance score (0-100)","GOV_WGI_PV_SC","","","","","","","","","","","","","","","","","","","","","","","","","","","","","","","","","","","","","","","","","","","","","","","","","","","","","","","","","","","","","","","","","","",
"Middle East, North Africa, Afghanistan & Pakistan (IDA & IBRD)","TMN","Political Stability - Governance score (0-100)","GOV_WGI_PV_SC","","","","","","","","","","","","","","","","","","","","","","","","","","","","","","","","","","","","","","","","","","","","","","","","","","","","","","","","","","","","","","","","","","",
"Tonga","TON","Political Stability - Governance score (0-100)","GOV_WGI_PV_SC","","","","","","","","","","","","","","","","","","","","","","","","","","","","","","","","","","","","","","","","","","","","73.9578635","76.1310872","76.1369325","74.0893765","71.5844981","71.575848","73.7677624","78.8186242","81.3033821","81.2938455","81.2647077","81.9376032","81.9152536","81.8596052","79.5774436","80.5202044","83.151888","84.9518753","84.8873564","89.2531299","86.9126603","87.3280609","",
"Tonga","TON","Political Stability - Governance score (0-100)","GOV_WGI_PV_SC","","","","","","","","","","","","","","","","","","","","","","","","","","","","","","","","","","","","","","","","","","","","73.9578635","76.1310872","76.1369325","74.0893765","71.5844981","71.575848","73.7677624","78.8186242","81.3033821","81.2938455","81.2647077","81.9376032","81.9152536","81.8596052","79.5774436","80.5202044","83.151888","84.9518753","84.8873564","89.2531299","86.9126603","87.3280609","",
"South Asia (IDA & IBRD)","TSA","Political Stability - Governance score (0-100)","GOV_WGI_PV_SC","","","","","","","","","","","","","","","","","","","","","","","","","","","","","","","","","","","","","","","","","","","","","","","","","","","","","","","","","","","","","","","","","","",
"South Asia (IDA & IBRD)","TSA","Political Stability - Governance score (0-100)","GOV_WGI_PV_SC","","","","","","","","","","","","","","","","","","","","","","","","","","","","","","","","","","","","","","","","","","","","","","","","","","","","","","","","","","","","","","","","","","",
"Sub-Saharan Africa (IDA & IBRD countries)","TSS","Political Stability - Governance score (0-100)","GOV_WGI_PV_SC","","","","","","","","","","","","","","","","","","","","","","","","","","","","","","","","","","","","","","","","","","","","","","","","","","","","","","","","","","","","","","","","","","",
"Sub-Saharan Africa (IDA & IBRD countries)","TSS","Political Stability - Governance score (0-100)","GOV_WGI_PV_SC","","","","","","","","","","","","","","","","","","","","","","","","","","","","","","","","","","","","","","","","","","","","","","","","","","","","","","","","","","","","","","","","","","",
"Trinidad and Tobago","TTO","Political Stability - Governance score (0-100)","GOV_WGI_PV_SC","","","","","","","","","","","","","","","","","","","","","","","","","","","","","","","","","","","","","68.5401316","","70.2707881","","65.0057913","","61.8205717","60.7838347","64.855545","64.859414","62.657746","64.66014","66.3624838","66.4723988","66.5991152","68.3019834","68.1594716","67.1605396","68.8669283","67.1223827","66.6477704","67.1731509","67.8691049","67.5797921","66.9107656","68.5624129","71.8703621","71.6974724","72.0440017","",
"Trinidad and Tobago","TTO","Political Stability - Governance score (0-100)","GOV_WGI_PV_SC","","","","","","","","","","","","","","","","","","","","","","","","","","","","","","","","","","","","","68.5401316","","70.2707881","","65.0057913","","61.8205717","60.7838347","64.855545","64.859414","62.657746","64.66014","66.3624838","66.4723988","66.5991152","68.3019834","68.1594716","67.1605396","68.8669283","67.1223827","66.6477704","67.1731509","67.8691049","67.5797921","66.9107656","68.5624129","71.8703621","71.6974724","72.0440017","",
"Tunisia","TUN","Political Stability - Governance score (0-100)","GOV_WGI_PV_SC","","","","","","","","","","","","","","","","","","","","","","","","","","","","","","","","","","","","","68.2541515","","68.6468882","","69.8746846","","67.0992747","70.3928857","65.2997691","64.3557118","65.4946189","66.0571502","63.9795971","63.8350492","61.527448","59.435941","54.3872024","50.6577783","55.6225318","54.2583046","51.7579085","53.1977661","56.3282222","56.3054951","58.5045633","54.5027662","53.2614856","52.6384223","50.0970303","",
"Tunisia","TUN","Political Stability - Governance score (0-100)","GOV_WGI_PV_SC","","","","","","","","","","","","","","","","","","","","","","","","","","","","","","","","","","","","","68.2541515","","68.6468882","","69.8746846","","67.0992747","70.3928857","65.2997691","64.3557118","65.4946189","66.0571502","63.9795971","63.8350492","61.527448","59.435941","54.3872024","50.6577783","55.6225318","54.2583046","51.7579085","53.1977661","56.3282222","56.3054951","58.5045633","54.5027662","53.2614856","52.6384223","50.0970303","",
"Turkiye","TUR","Political Stability - Governance score (0-100)","GOV_WGI_PV_SC","","","","","","","","","","","","","","","","","","","","","","","","","","","","","","","","","","","","","49.594599","","48.9476265","","56.8891119","","57.4089289","55.2274873","54.3133791","59.5097711","60.1071727","55.9301867","55.5683711","56.460345","56.5218712","53.995072","50.1846692","48.2631377","52.2324029","46.9449387","35.4862476","36.7492235","46.6927681","45.5253689","48.1362744","49.2892722","49.922523","50.7861106","49.3131044","",
"Turkiye","TUR","Political Stability - Governance score (0-100)","GOV_WGI_PV_SC","","","","","","","","","","","","","","","","","","","","","","","","","","","","","","","","","","","","","49.594599","","48.9476265","","56.8891119","","57.4089289","55.2274873","54.3133791","59.5097711","60.1071727","55.9301867","55.5683711","56.460345","56.5218712","53.995072","50.1846692","48.2631377","52.2324029","46.9449387","35.4862476","36.7492235","46.6927681","45.5253689","48.1362744","49.2892722","49.922523","50.7861106","49.3131044","",
"Tuvalu","TUV","Political Stability - Governance score (0-100)","GOV_WGI_PV_SC","","","","","","","","","","","","","","","","","","","","","","","","","","","","","","","","","","","","","","","","","","","","82.1460909","81.7155014","88.5192565","88.5784579","88.6762245","88.6641837","92.4880861","92.3887498","92.2984086","92.2888719","92.2597341","92.3603858","88.5970547","88.5195742","85.3421489","88.5958436","85.4289661","86.9878296","87.846853","91.0644936","91.071468","90.9832569","",
"Tuvalu","TUV","Political Stability - Governance score (0-100)","GOV_WGI_PV_SC","","","","","","","","","","","","","","","","","","","","","","","","","","","","","","","","","","","","","","","","","","","","82.1460909","81.7155014","88.5192565","88.5784579","88.6762245","88.6641837","92.4880861","92.3887498","92.2984086","92.2888719","92.2597341","92.3603858","88.5970547","88.5195742","85.3421489","88.5958436","85.4289661","86.9878296","87.846853","91.0644936","91.071468","90.9832569","",
"Tanzania","TZA","Political Stability - Governance score (0-100)","GOV_WGI_PV_SC","","","","","","","","","","","","","","","","","","","","","","","","","","","","","","","","","","","","","49.1883643","","51.1324418","","48.5970865","","55.3460746","48.4553741","54.4393474","56.0717334","59.336784","59.9114039","61.6990275","66.2206126","64.909639","63.1766936","63.7660225","58.6799879","57.2358718","57.7501681","56.7117861","54.2134859","54.5493392","56.4616756","54.570353","56.0707615","57.6681456","61.8509786","59.2394684","",
"Tanzania","TZA","Political Stability - Governance score (0-100)","GOV_WGI_PV_SC","","","","","","","","","","","","","","","","","","","","","","","","","","","","","","","","","","","","","49.1883643","","51.1324418","","48.5970865","","55.3460746","48.4553741","54.4393474","56.0717334","59.336784","59.9114039","61.6990275","66.2206126","64.909639","63.1766936","63.7660225","58.6799879","57.2358718","57.7501681","56.7117861","54.2134859","54.5493392","56.4616756","54.570353","56.0707615","57.6681456","61.8509786","59.2394684","",
"Uganda","UGA","Political Stability - Governance score (0-100)","GOV_WGI_PV_SC","","","","","","","","","","","","","","","","","","","","","","","","","","","","","","","","","","","","","37.0366334","","39.3877688","","38.1773598","","37.8488464","36.9072164","46.1353648","43.5752838","48.9583674","53.448372","54.6208923","54.1848759","53.0632502","50.9144703","51.1971025","50.6475823","49.2155463","52.3754767","51.9818688","54.1846641","53.2612482","52.6621674","51.4977728","49.7688381","47.2402471","48.3030933","48.4331578","",
"Uganda","UGA","Political Stability - Governance score (0-100)","GOV_WGI_PV_SC","","","","","","","","","","","","","","","","","","","","","","","","","","","","","","","","","","","","","37.0366334","","39.3877688","","38.1773598","","37.8488464","36.9072164","46.1353648","43.5752838","48.9583674","53.448372","54.6208923","54.1848759","53.0632502","50.9144703","51.1971025","50.6475823","49.2155463","52.3754767","51.9818688","54.1846641","53.2612482","52.6621674","51.4977728","49.7688381","47.2402471","48.3030933","48.4331578","",
"Ukraine","UKR","Political Stability - Governance score (0-100)","GOV_WGI_PV_SC","","","","","","","","","","","","","","","","","","","","","","","","","","","","","","","","","","","","","62.2703746","","61.1898814","","57.3664658","","61.7825463","59.5490007","56.3679198","59.2277931","62.7359866","66.6645104","65.3209127","61.9946161","65.0315572","62.9969986","61.6957205","49.4748552","31.8535514","35.0374627","38.0353382","38.7345804","41.1917481","48.2657734","49.497362","48.9739903","47.9457907","56.5682153","58.5097612","",
"Ukraine","UKR","Political Stability - Governance score (0-100)","GOV_WGI_PV_SC","","","","","","","","","","","","","","","","","","","","","","","","","","","","","","","","","","","","","62.2703746","","61.1898814","","57.3664658","","61.7825463","59.5490007","56.3679198","59.2277931","62.7359866","66.6645104","65.3209127","61.9946161","65.0315572","62.9969986","61.6957205","49.4748552","31.8535514","35.0374627","38.0353382","38.7345804","41.1917481","48.2657734","49.497362","48.9739903","47.9457907","56.5682153","58.5097612","",
"Upper middle income","UMC","Political Stability - Governance score (0-100)","GOV_WGI_PV_SC","","","","","","","","","","","","","","","","","","","","","","","","","","","","","","","","","","","","","","","","","","","","","","","","","","","","","","","","","","","","","","","","","","",
"Upper middle income","UMC","Political Stability - Governance score (0-100)","GOV_WGI_PV_SC","","","","","","","","","","","","","","","","","","","","","","","","","","","","","","","","","","","","","","","","","","","","","","","","","","","","","","","","","","","","","","","","","","",
"Uruguay","URY","Political Stability - Governance score (0-100)","GOV_WGI_PV_SC","","","","","","","","","","","","","","","","","","","","","","","","","","","","","","","","","","","","","76.7941403","","79.9982198","","79.9777782","","79.1987496","77.5343868","74.6324945","79.9663711","83.4324755","84.0725658","83.9476122","83.4605799","81.0863655","81.7626978","81.0107538","81.6294613","84.7136417","84.4867143","85.0549201","84.9061855","84.906645","85.629815","85.5590869","85.5395951","88.1613218","86.0689932","87.7236127","",
"Uruguay","URY","Political Stability - Governance score (0-100)","GOV_WGI_PV_SC","","","","","","","","","","","","","","","","","","","","","","","","","","","","","","","","","","","","","76.7941403","","79.9982198","","79.9777782","","79.1987496","77.5343868","74.6324945","79.9663711","83.4324755","84.0725658","83.9476122","83.4605799","81.0863655","81.7626978","81.0107538","81.6294613","84.7136417","84.4867143","85.0549201","84.9061855","84.906645","85.629815","85.5590869","85.5395951","88.1613218","86.0689932","87.7236127","",
"United States","USA","Political Stability - Governance score (0-100)","GOV_WGI_PV_SC","","","","","","","","","","","","","","","","","","","","","","","","","","","","","","","","","","","","","82.0871748","","82.0583376","","83.0521451","","72.3768589","70.3982596","67.2571446","69.2995522","73.058835","73.7444204","76.6553916","76.8469685","76.4226565","76.5625941","76.4977694","75.7935684","77.3070017","77.2686791","71.4957097","67.7755797","70.8565316","66.8276892","63.3866948","63.735279","63.1167764","62.5953145","64.2697196","",
"United States","USA","Political Stability - Governance score (0-100)","GOV_WGI_PV_SC","","","","","","","","","","","","","","","","","","","","","","","","","","","","","","","","","","","","","82.0871748","","82.0583376","","83.0521451","","72.3768589","70.3982596","67.2571446","69.2995522","73.058835","73.7444204","76.6553916","76.8469685","76.4226565","76.5625941","76.4977694","75.7935684","77.3070017","77.2686791","71.4957097","67.7755797","70.8565316","66.8276892","63.3866948","63.735279","63.1167764","62.5953145","64.2697196","",
"Uzbekistan","UZB","Political Stability - Governance score (0-100)","GOV_WGI_PV_SC","","","","","","","","","","","","","","","","","","","","","","","","","","","","","","","","","","","","","55.5449044","","50.7935394","","45.3589343","","49.2953242","43.0082704","43.9340692","34.9838692","38.9402138","46.6238029","48.8974527","51.15412","54.7882954","55.4472182","56.3074681","56.2874348","61.4448397","60.6785983","62.3406586","62.240996","62.2739703","62.1917975","59.7210038","62.1151404","61.9220261","61.6158213","65.4377423","",
"Uzbekistan","UZB","Political Stability - Governance score (0-100)","GOV_WGI_PV_SC","","","","","","","","","","","","","","","","","","","","","","","","","","","","","","","","","","","","","55.5449044","","50.7935394","","45.3589343","","49.2953242","43.0082704","43.9340692","34.9838692","38.9402138","46.6238029","48.8974527","51.15412","54.7882954","55.4472182","56.3074681","56.2874348","61.4448397","60.6785983","62.3406586","62.240996","62.2739703","62.1917975","59.7210038","62.1151404","61.9220261","61.6158213","65.4377423","",
"St. Vincent and the Grenadines","VCT","Political Stability - Governance score (0-100)","GOV_WGI_PV_SC","","","","","","","","","","","","","","","","","","","","","","","","","","","","","","","","","","","","","82.3012517","","82.3347862","","82.2574186","","70.055905","76.0049208","81.8603875","85.5419028","84.8231433","79.0485357","79.0398873","82.635214","80.0499275","79.9595863","80.7338303","79.9209118","78.8024889","81.5439286","81.4915548","79.3437212","79.3888593","81.5566579","83.7034631","83.6742656","83.7245213","83.7326915","83.6293392","",
"St. Vincent and the Grenadines","VCT","Political Stability - Governance score (0-100)","GOV_WGI_PV_SC","","","","","","","","","","","","","","","","","","","","","","","","","","","","","","","","","","","","","82.3012517","","82.3347862","","82.2574186","","70.055905","76.0049208","81.8603875","85.5419028","84.8231433","79.0485357","79.0398873","82.635214","80.0499275","79.9595863","80.7338303","79.9209118","78.8024889","81.5439286","81.4915548","79.3437212","79.3888593","81.5566579","83.7034631","83.6742656","83.7245213","83.7326915","83.6293392","",
"Venezuela, RB","VEN","Political Stability - Governance score (0-100)","GOV_WGI_PV_SC","","","","","","","","","","","","","","","","","","","","","","","","","","","","","","","","","","","","","56.427468","","57.3319285","","53.1791677","","42.9331472","45.3409354","44.1463679","45.7712841","44.3223528","45.0550612","43.9158995","44.2366868","42.642444","44.3712505","45.0855723","43.2777616","45.8380356","45.5199779","45.140172","42.3206813","40.8698504","40.0660535","41.5410343","43.8675295","46.6466461","47.0432279","36.1651626","",
"Venezuela, RB","VEN","Political Stability - Governance score (0-100)","GOV_WGI_PV_SC","","","","","","","","","","","","","","","","","","","","","","","","","","","","","","","","","","","","","56.427468","","57.3319285","","53.1791677","","42.9331472","45.3409354","44.1463679","45.7712841","44.3223528","45.0550612","43.9158995","44.2366868","42.642444","44.3712505","45.0855723","43.2777616","45.8380356","45.5199779","45.140172","42.3206813","40.8698504","40.0660535","41.5410343","43.8675295","46.6466461","47.0432279","36.1651626","",
"British Virgin Islands","VGB","Political Stability - Governance score (0-100)","GOV_WGI_PV_SC","","","","","","","","","","","","","","","","","","","","","","","","","","","","","","","","","","","","","","","","","","","","","","","","","","","","","","","","","","","","","","","","","","",
"British Virgin Islands","VGB","Political Stability - Governance score (0-100)","GOV_WGI_PV_SC","","","","","","","","","","","","","","","","","","","","","","","","","","","","","","","","","","","","","","","","","","","","","","","","","","","","","","","","","","","","","","","","","","",
"Virgin Islands (U.S.)","VIR","Political Stability - Governance score (0-100)","GOV_WGI_PV_SC","","","","","","","","","","","","","","","","","","","","","","","","","","","","","","","","","","","","","","","","","","","","","74.3912511","73.7560205","76.8857164","76.9696742","76.959333","77.0810907","76.9623206","79.9331645","79.9217625","79.8869229","86.8491697","86.8224472","79.7676814","79.7758327","79.8331773","82.5871481","82.5776934","75.5523711","82.6044449","82.6148254","82.483526","",
"Virgin Islands (U.S.)","VIR","Political Stability - Governance score (0-100)","GOV_WGI_PV_SC","","","","","","","","","","","","","","","","","","","","","","","","","","","","","","","","","","","","","","","","","","","","","74.3912511","73.7560205","76.8857164","76.9696742","76.959333","77.0810907","76.9623206","79.9331645","79.9217625","79.8869229","86.8491697","86.8224472","79.7676814","79.7758327","79.8331773","82.5871481","82.5776934","75.5523711","82.6044449","82.6148254","82.483526","",
"Viet Nam","VNM","Political Stability - Governance score (0-100)","GOV_WGI_PV_SC","","","","","","","","","","","","","","","","","","","","","","","","","","","","","","","","","","","","","73.4560966","","70.3805545","","70.8902711","","72.4764976","68.2057712","65.7869415","71.7687283","71.0215706","68.5091388","66.7278934","69.1776801","67.9419288","68.0387149","67.6975988","67.865967","65.677556","67.0589929","69.0117358","68.4569391","64.9675576","67.4603405","68.1190087","68.1933102","67.9919181","67.4445741","65.9913074","",
"Viet Nam","VNM","Political Stability - Governance score (0-100)","GOV_WGI_PV_SC","","","","","","","","","","","","","","","","","","","","","","","","","","","","","","","","","","","","","73.4560966","","70.3805545","","70.8902711","","72.4764976","68.2057712","65.7869415","71.7687283","71.0215706","68.5091388","66.7278934","69.1776801","67.9419288","68.0387149","67.6975988","67.865967","65.677556","67.0589929","69.0117358","68.4569391","64.9675576","67.4603405","68.1190087","68.1933102","67.9919181","67.4445741","65.9913074","",
"Vanuatu","VUT","Political Stability - Governance score (0-100)","GOV_WGI_PV_SC","","","","","","","","","","","","","","","","","","","","","","","","","","","","","","","","","","","","","81.5314164","","81.3711671","","81.3143707","","81.4404654","76.791151","72.8360619","87.4711415","87.5235923","85.6766152","84.4172298","88.2954107","88.9219279","88.8392342","90.7574415","90.7307686","85.9720141","77.5941194","77.6245879","80.4564644","83.3390972","83.4569176","82.0116417","82.2692168","82.6074257","82.3771537","82.2964193","",
"Vanuatu","VUT","Political Stability - Governance score (0-100)","GOV_WGI_PV_SC","","","","","","","","","","","","","","","","","","","","","","","","","","","","","","","","","","","","","81.5314164","","81.3711671","","81.3143707","","81.4404654","76.791151","72.8360619","87.4711415","87.5235923","85.6766152","84.4172298","88.2954107","88.9219279","88.8392342","90.7574415","90.7307686","85.9720141","77.5941194","77.6245879","80.4564644","83.3390972","83.4569176","82.0116417","82.2692168","82.6074257","82.3771537","82.2964193","",
"World","WLD","Political Stability - Governance score (0-100)","GOV_WGI_PV_SC","","","","","","","","","","","","","","","","","","","","","","","","","","","","","","","","","","","","","","","","","","","","","","","","","","","","","","","","","","","","","","","","","","",
"World","WLD","Political Stability - Governance score (0-100)","GOV_WGI_PV_SC","","","","","","","","","","","","","","","","","","","","","","","","","","","","","","","","","","","","","","","","","","","","","","","","","","","","","","","","","","","","","","","","","","",
"Samoa","WSM","Political Stability - Governance score (0-100)","GOV_WGI_PV_SC","","","","","","","","","","","","","","","","","","","","","","","","","","","","","","","","","","","","","88.4580105","","88.4699283","","84.8571527","","81.3005961","84.8175883","80.5101434","83.8622315","83.9047527","82.4074138","83.9663234","82.5006008","79.658038","82.3109233","82.3013866","82.2722488","84.2265786","84.204229","84.1485789","84.1553979","82.8957716","85.4843891","85.970446","85.3614579","86.9789249","87.1357631","87.0491406","",
"Samoa","WSM","Political Stability - Governance score (0-100)","GOV_WGI_PV_SC","","","","","","","","","","","","","","","","","","","","","","","","","","","","","","","","","","","","","88.4580105","","88.4699283","","84.8571527","","81.3005961","84.8175883","80.5101434","83.8622315","83.9047527","82.4074138","83.9663234","82.5006008","79.658038","82.3109233","82.3013866","82.2722488","84.2265786","84.204229","84.1485789","84.1553979","82.8957716","85.4843891","85.970446","85.3614579","86.9789249","87.1357631","87.0491406","",
"Kosovo","XKX","Political Stability - Governance score (0-100)","GOV_WGI_PV_SC","","","","","","","","","","","","","","","","","","","","","","","","","","","","","","","","","","","","","","","","","","","65.7440222","65.4775869","68.7212478","69.2682673","69.4992447","68.0087128","78.4154318","72.9352445","52.9948948","52.0539548","52.8873832","52.4341708","60.7360591","62.187674","61.0215542","62.9594822","58.8296176","64.0829562","64.452655","65.9129798","65.0225108","63.4871705","60.3959884","",
"Kosovo","XKX","Political Stability - Governance score (0-100)","GOV_WGI_PV_SC","","","","","","","","","","","","","","","","","","","","","","","","","","","","","","","","","","","","","","","","","","","65.7440222","65.4775869","68.7212478","69.2682673","69.4992447","68.0087128","78.4154318","72.9352445","52.9948948","52.0539548","52.8873832","52.4341708","60.7360591","62.187674","61.0215542","62.9594822","58.8296176","64.0829562","64.452655","65.9129798","65.0225108","63.4871705","60.3959884","",
"Yemen, Rep.","YEM","Political Stability - Governance score (0-100)","GOV_WGI_PV_SC","","","","","","","","","","","","","","","","","","","","","","","","","","","","","","","","","","","","","33.9740323","","37.1470181","","37.608112","","36.737977","37.6270777","38.0237091","39.5948525","42.7529807","38.4340689","30.0163809","30.2369197","24.6593314","23.6772829","25.4493383","24.5603247","22.8064612","22.7608567","20.7903643","19.253039","19.3591175","21.1880718","20.5195304","20.3262982","21.2694348","21.030617","18.9103565","",
"Yemen, Rep.","YEM","Political Stability - Governance score (0-100)","GOV_WGI_PV_SC","","","","","","","","","","","","","","","","","","","","","","","","","","","","","","","","","","","","","33.9740323","","37.1470181","","37.608112","","36.737977","37.6270777","38.0237091","39.5948525","42.7529807","38.4340689","30.0163809","30.2369197","24.6593314","23.6772829","25.4493383","24.5603247","22.8064612","22.7608567","20.7903643","19.253039","19.3591175","21.1880718","20.5195304","20.3262982","21.2694348","21.030617","18.9103565","",
"South Africa","ZAF","Political Stability - Governance score (0-100)","GOV_WGI_PV_SC","","","","","","","","","","","","","","","","","","","","","","","","","","","","","","","","","","","","","56.3203032","","55.8851733","","60.4472776","","59.7709761","61.5671969","65.6265862","65.6247226","65.7351671","69.084418","65.6698864","64.8118264","65.00217","65.16615","63.8091996","61.4826737","61.9534819","60.5909646","60.1223224","59.3550083","60.7804491","60.1164309","61.6419067","52.6765125","54.2056557","54.9671159","55.3527432","",
"South Africa","ZAF","Political Stability - Governance score (0-100)","GOV_WGI_PV_SC","","","","","","","","","","","","","","","","","","","","","","","","","","","","","","","","","","","","","56.3203032","","55.8851733","","60.4472776","","59.7709761","61.5671969","65.6265862","65.6247226","65.7351671","69.084418","65.6698864","64.8118264","65.00217","65.16615","63.8091996","61.4826737","61.9534819","60.5909646","60.1223224","59.3550083","60.7804491","60.1164309","61.6419067","52.6765125","54.2056557","54.9671159","55.3527432","",
"Zambia","ZMB","Political Stability - Governance score (0-100)","GOV_WGI_PV_SC","","","","","","","","","","","","","","","","","","","","","","","","","","","","","","","","","","","","","63.8671575","","66.461803","","66.3845823","","59.564193","63.9244184","63.2091674","65.1633486","70.397865","70.7487603","70.1297949","72.4437129","72.283906","72.6105933","73.698915","71.2322807","64.9027312","67.2997785","62.3541274","62.2884333","60.9123088","59.590169","59.6094593","63.1907654","66.6738711","65.7039949","64.1728259","",
"Zambia","ZMB","Political Stability - Governance score (0-100)","GOV_WGI_PV_SC","","","","","","","","","","","","","","","","","","","","","","","","","","","","","","","","","","","","","63.8671575","","66.461803","","66.3845823","","59.564193","63.9244184","63.2091674","65.1633486","70.397865","70.7487603","70.1297949","72.4437129","72.283906","72.6105933","73.698915","71.2322807","64.9027312","67.2997785","62.3541274","62.2884333","60.9123088","59.590169","59.6094593","63.1907654","66.6738711","65.7039949","64.1728259","",
"Zimbabwe","ZWE","Political Stability - Governance score (0-100)","GOV_WGI_PV_SC","","","","","","","","","","","","","","","","","","","","","","","","","","","","","","","","","","","","","55.6071293","","51.6072727","","42.8101118","","38.4301469","41.0286769","39.5372345","39.3842278","43.6709903","41.6813768","37.9208215","39.1894685","40.9439931","44.5055495","44.1004696","48.7268485","49.213324","51.2636814","50.3296305","51.6333512","51.8107504","49.076157","48.0276952","48.4981549","51.7832815","48.8433006","48.5183369","",
"Zimbabwe","ZWE","Political Stability - Governance score (0-100)","GOV_WGI_PV_SC","","","","","","","","","","","","","","","","","","","","","","","","","","","","","","","","","","","","","55.6071293","","51.6072727","","42.8101118","","38.4301469","41.0286769","39.5372345","39.3842278","43.6709903","41.6813768","37.9208215","39.1894685","40.9439931","44.5055495","44.1004696","48.7268485","49.213324","51.2636814","50.3296305","51.6333512","51.8107504","49.076157","48.0276952","48.4981549","51.7832815","48.8433006","48.5183369","",
